ID,種類,地域,市区町村コード,都道府県名,市区町村名,地区名,最寄駅：名称,最寄駅：距離（分）,間取り,面積（㎡）,土地の形状,間口,延床面積（㎡）,建築年,建物の構造,用途,今後の利用目的,前面道路：方位,前面道路：種類,前面道路：幅員（ｍ）,都市計画,建ぺい率（％）,容積率（％）,取引時点,改装,取引の事情等,取引価格（総額）_log
39020291,中古マンション等,,39201,高知県,高知市,朝倉西町,朝倉(ＪＲ),25,４ＬＤＫ,70,,,,平成3年,ＲＣ,住宅,,,,,第１種住居地域,60.0,200.0,2012年第4四半期,未改装,,6.857332496431268
39015413,中古マンション等,,39201,高知県,高知市,越前町,円行寺口,6,３ＬＤＫ,75,,,,平成22年,ＲＣ,住宅,,,,,近隣商業地域,80.0,300.0,2011年第2四半期,改装済,,7.491361693834273
39000644,中古マンション等,,39201,高知県,高知市,一宮東町,土佐一宮,18,３ＬＤＫ,70,,,,平成14年,ＳＲＣ,住宅,住宅,,,,準工業地域,60.0,200.0,2021年第1四半期,未改装,,7.079181246047625
39019224,中古マンション等,,39201,高知県,高知市,小津町,入明,7,４ＬＤＫ,100,,,,平成27年,ＲＣ,住宅,住宅,,,,近隣商業地域,80.0,300.0,2016年第3四半期,未改装,,7.6020599913279625
39015781,中古マンション等,,39201,高知県,高知市,神田,旭(高知),30分?60分,２ＤＫ,35,,,,昭和59年,鉄骨造,住宅,,,,,第１種中高層住居専用地域,60.0,200.0,2011年第4四半期,未改装,,5.6020599913279625
39012316,中古マンション等,,39201,高知県,高知市,桟橋通,高知,22,３ＬＤＫ,65,,,,昭和59年,ＳＲＣ,住宅,,,,,商業地域,80.0,400.0,2014年第1四半期,未改装,,6.778151250383644
39003529,中古マンション等,,39201,高知県,高知市,本町,高知,15,２ＤＫ,55,,,,平成25年,ＲＣ,住宅,住宅,,,,商業地域,80.0,600.0,2021年第4四半期,未改装,,6.301029995663981
39003552,中古マンション等,,39201,高知県,高知市,本町,高知,26,３ＬＤＫ,75,,,,,ＲＣ,住宅,住宅,,,,,,,2017年第3四半期,,,7.462397997898956
39001195,中古マンション等,,39201,高知県,高知市,鴨部,旭(高知),15,３ＬＤＫ,70,,,,昭和52年,ＳＲＣ,住宅,住宅,,,,第１種中高層住居専用地域,60.0,200.0,2017年第1四半期,,,6.991226075692495
39027914,中古マンション等,,39201,高知県,高知市,愛宕山,高知,16,４ＬＤＫ,115,,,,,ＲＣ,住宅,,,,,第１種中高層住居専用地域,60.0,200.0,2009年第4四半期,改装済,,7.556302500767288
39025968,中古マンション等,,39201,高知県,高知市,比島町,高知,15,３ＬＤＫ,65,,,,平成5年,ＳＲＣ,住宅,,,,,第１種住居地域,60.0,200.0,2013年第1四半期,改装済,,7.113943352306837
39031168,中古マンション等,,39201,高知県,高知市,六泉寺町,高知,30分?60分,３ＬＤＫ,85,,,,平成10年,ＲＣ,住宅,,,,,第１種住居地域,60.0,200.0,2008年第1四半期,未改装,,7.204119982655925
39017913,中古マンション等,,39201,高知県,高知市,鴨部,旭(高知),19,４ＬＤＫ,70,,,,平成6年,ＲＣ,住宅,住宅,,,,第１種中高層住居専用地域,60.0,200.0,2015年第3四半期,未改装,,7.041392685158225
39021113,中古マンション等,,39201,高知県,高知市,桜馬場,入明,11,１ＤＫ,20,,,,平成4年,ＳＲＣ,住宅,,,,,近隣商業地域,80.0,300.0,2012年第1四半期,改装済,,6.505149978319906
39028083,中古マンション等,,39201,高知県,高知市,北本町,高知,5,３ＬＤＫ,65,,,,昭和58年,ＳＲＣ,住宅,,,,,商業地域,80.0,400.0,2009年第1四半期,未改装,,6.8750612633917
39002664,中古マンション等,,39201,高知県,高知市,廿代町,高知,12,１Ｋ,20,,,,平成2年,ＳＲＣ,住宅,住宅,,,,商業地域,80.0,400.0,2021年第1四半期,,,6.556302500767288
39025889,中古マンション等,,39201,高知県,高知市,廿代町,高知,12,１Ｋ,20,,,,平成2年,ＳＲＣ,住宅,,,,,商業地域,80.0,400.0,2013年第4四半期,未改装,,6.477121254719663
39014041,中古マンション等,,39201,高知県,高知市,升形,円行寺口,20,３ＬＤＫ,70,,,,平成3年,ＲＣ,住宅,,,,,第１種住居地域,60.0,200.0,2010年第2四半期,未改装,,7.113943352306837
39020387,中古マンション等,,39201,高知県,高知市,薊野西町,薊野,5,４ＬＤＫ,95,,,,,ＲＣ,住宅,,,,,第２種住居地域,60.0,200.0,2012年第3四半期,未改装,,7.146128035678238
39013409,中古マンション等,,39201,高知県,高知市,桟橋通,高知,24,３ＬＤＫ,85,,,,平成20年,ＲＣ,住宅,,,,,商業地域,80.0,400.0,2010年第1四半期,未改装,,7.361727836017593
39025170,中古マンション等,,39201,高知県,高知市,愛宕山,高知,16,３ＬＤＫ,80,,,,平成20年,ＲＣ,住宅,,,,,第１種中高層住居専用地域,60.0,200.0,2013年第1四半期,改装済,,7.3222192947339195
39015543,中古マンション等,,39201,高知県,高知市,鴨部,朝倉(ＪＲ),30分?60分,３ＬＤＫ,70,,,,平成9年,ＲＣ,住宅,,,,,準工業地域,60.0,200.0,2011年第3四半期,改装済,調停・競売等,6.8512583487190755
39015557,中古マンション等,,39201,高知県,高知市,鴨部,旭駅前通,12,３ＬＤＫ,70,,,,昭和52年,ＳＲＣ,住宅,,,,,第１種住居地域,60.0,200.0,2011年第4四半期,改装済,,6.748188027006201
39000296,中古マンション等,,39201,高知県,高知市,薊野西町,薊野,5,２ＬＤＫ,75,,,,平成17年,ＲＣ,住宅,住宅,,,,第２種住居地域,60.0,200.0,2019年第3四半期,改装済,,7.301029995663981
39002027,中古マンション等,,39201,高知県,高知市,鷹匠町,高知,21,３ＬＤＫ,60,,,,昭和63年,ＳＲＣ,住宅,住宅,,,,商業地域,80.0,400.0,2020年第2四半期,改装済,,6.991226075692495
39001298,中古マンション等,,39201,高知県,高知市,北本町,高知,5,,370,,,,,,,事務所,,,,近隣商業地域,,,2018年第4四半期,,,7.845098040014257
39000301,中古マンション等,,39201,高知県,高知市,薊野西町,薊野,5,,95,,,,,,,住宅,,,,第２種住居地域,,,2018年第4四半期,,,7.301029995663981
39012210,中古マンション等,,39201,高知県,高知市,鴨部,旭(高知),15,３ＬＤＫ,70,,,,,ＳＲＣ,住宅,,,,,,,,2014年第1四半期,未改装,,6.845098040014257
39001309,中古マンション等,,39201,高知県,高知市,北本町,高知,5,２ＬＤＫ,65,,,,,ＳＲＣ,住宅,住宅,,,,,,,2017年第2四半期,未改装,,6.886490725172482
39003790,中古マンション等,,39201,高知県,高知市,横浜,高知,1H?1H30,３ＬＤＫ,70,,,,平成14年,ＲＣ,住宅,住宅,,,,工業地域,60.0,200.0,2020年第2四半期,未改装,,7.2552725051033065
39012643,中古マンション等,,39201,高知県,高知市,南ノ丸町,高知,30分?60分,,45,,,,昭和60年,ＳＲＣ,住宅,住宅,,,,工業地域,60.0,200.0,2014年第4四半期,改装済,,6.3979400086720375
39025493,中古マンション等,,39201,高知県,高知市,北本町,高知,10,４ＬＤＫ,85,,,,平成7年,ＲＣ,住宅,,,,,準工業地域,60.0,200.0,2013年第4四半期,未改装,,7.146128035678238
39000293,中古マンション等,,39201,高知県,高知市,薊野西町,薊野,5,４ＬＤＫ,95,,,,平成17年,ＳＲＣ,,住宅,,,,第２種住居地域,60.0,200.0,2020年第1四半期,,,7.414973347970818
39012646,中古マンション等,,39201,高知県,高知市,南ノ丸町,高知,30分?60分,３ＤＫ,50,,,,昭和51年,ＳＲＣ,住宅,住宅,,,,工業地域,60.0,200.0,2014年第3四半期,未改装,,6.518513939877887
39003670,中古マンション等,,39201,高知県,高知市,南ノ丸町,高知,30分?60分,オープンフロア,105,,,,,ＳＲＣ,事務所,事務所,,,,工業地域,60.0,200.0,2017年第4四半期,未改装,,6.518513939877887
39020427,中古マンション等,,39201,高知県,高知市,愛宕山,高知,16,４ＬＤＫ,85,,,,平成20年,ＲＣ,住宅,,,,,第１種中高層住居専用地域,60.0,200.0,2012年第3四半期,未改装,,7.431363764158987
39020342,中古マンション等,,39201,高知県,高知市,旭町,旭(高知),7,４ＬＤＫ,80,,,,,ＳＲＣ,住宅,,,,,第１種住居地域,60.0,200.0,2012年第1四半期,未改装,,6.991226075692495
39000054,中古マンション等,,39201,高知県,高知市,朝倉,朝倉(ＪＲ),29,３ＬＤＫ,70,,,,昭和62年,ＲＣ,住宅,住宅,,,,第１種中高層住居専用地域,60.0,200.0,2021年第1四半期,未改装,,6.863322860120456
39015412,中古マンション等,,39201,高知県,高知市,越前町,円行寺口,6,４ＬＤＫ,75,,,,平成22年,ＲＣ,住宅,,,,,近隣商業地域,80.0,300.0,2011年第2四半期,未改装,,7.491361693834273
39020629,中古マンション等,,39201,高知県,高知市,永国寺町,入明,15,２ＬＤＫ,75,,,,平成16年,ＲＣ,住宅,,,,,第１種住居地域,60.0,200.0,2012年第1四半期,未改装,,7.230448921378274
39028489,中古マンション等,,39201,高知県,高知市,南ノ丸町,高知,30分?60分,２ＬＤＫ,40,,,,昭和49年,ＳＲＣ,住宅,,,,,工業地域,60.0,200.0,2009年第3四半期,未改装,,6.2552725051033065
39021892,中古マンション等,,39201,高知県,高知市,比島町,高知,15,３ＬＤＫ,70,,,,平成5年,ＳＲＣ,住宅,,,,,第１種住居地域,60.0,200.0,2012年第3四半期,未改装,,7.079181246047625
39020067,中古マンション等,,39201,高知県,高知市,針木東町,朝倉(ＪＲ),30分?60分,３ＬＤＫ,65,,,,昭和59年,ＲＣ,住宅,住宅,,,,第１種中高層住居専用地域,60.0,200.0,2016年第2四半期,未改装,,6.698970004336019
39028078,中古マンション等,,39201,高知県,高知市,北本町,高知,,４ＬＤＫ,90,,,,平成7年,ＲＣ,住宅,,,,,,,,2009年第2四半期,未改装,,7.204119982655925
39021295,中古マンション等,,39201,高知県,高知市,鷹匠町,入明,21,３ＬＤＫ,95,,,,平成16年,ＲＣ,住宅,,,,,商業地域,80.0,400.0,2012年第2四半期,,,7.491361693834273
39030587,中古マンション等,,39201,高知県,高知市,桟橋通,高知,30分?60分,４ＬＤＫ,80,,,,平成13年,ＳＲＣ,住宅,,,,,商業地域,80.0,400.0,2007年第2四半期,未改装,,7.079181246047625
39020292,中古マンション等,,39201,高知県,高知市,比島町,高知,15,３ＬＤＫ,70,,,,平成5年,ＳＲＣ,住宅,住宅,,,,第１種住居地域,60.0,200.0,2016年第3四半期,未改装,,7.113943352306837
39003620,中古マンション等,,39201,高知県,高知市,南川添,高知,25,３ＬＤＫ,70,,,,平成31年,ＲＣ,住宅,住宅,,,,準工業地域,60.0,200.0,2021年第4四半期,未改装,,7.556302500767288
39028081,中古マンション等,,39201,高知県,高知市,北本町,高知,7,３ＬＤＫ,80,,,,平成20年,ＲＣ,住宅,,,,,近隣商業地域,80.0,300.0,2009年第2四半期,未改装,,7.3222192947339195
39012622,中古マンション等,,39201,高知県,高知市,升形,円行寺口,21,３ＬＤＫ,70,,,,平成8年,ＲＣ,住宅,住宅,,,,第１種住居地域,60.0,200.0,2014年第3四半期,未改装,,7.146128035678238
39015405,中古マンション等,,39201,高知県,高知市,越前町,円行寺口,6,２ＬＤＫ,70,,,,平成22年,ＲＣ,住宅,,,,,近隣商業地域,80.0,300.0,2011年第4四半期,改装済,,7.3979400086720375
39016248,中古マンション等,,39201,高知県,高知市,針木東町,朝倉(ＪＲ),30分?60分,３ＬＤＫ,65,,,,昭和59年,ＲＣ,住宅,,,,,第１種中高層住居専用地域,60.0,200.0,2011年第4四半期,未改装,,6.681241237375588
39000961,中古マンション等,,39201,高知県,高知市,帯屋町,高知,18,３ＬＤＫ,80,,,,平成21年,ＳＲＣ,住宅,住宅,,,,商業地域,80.0,500.0,2021年第3四半期,未改装,,7.505149978319906
39030301,中古マンション等,,39201,高知県,高知市,大谷公園町,朝倉(ＪＲ),25,４ＬＤＫ,70,,,,平成8年,ＲＣ,住宅,,,,,第１種中高層住居専用地域,60.0,200.0,2008年第1四半期,未改装,,6.968482948553935
39022145,中古マンション等,,39201,高知県,高知市,南はりまや町,高知,14,１Ｋ,20,,,,平成3年,ＳＲＣ,住宅,,,,,商業地域,80.0,400.0,2012年第4四半期,未改装,,6.342422680822207
39003550,中古マンション等,,39201,高知県,高知市,本町,高知,15,１ＬＤＫ,55,,,,平成25年,ＲＣ,,,,,,商業地域,80.0,600.0,2017年第4四半期,改装済,,7.361727836017593
39001152,中古マンション等,,39201,高知県,高知市,鴨部,旭(高知),15,２ＬＤＫ,70,,,,昭和52年,ＳＲＣ,,住宅,,,,第１種住居地域,60.0,200.0,2021年第4四半期,改装済,,7.204119982655925
39017953,中古マンション等,,39201,高知県,高知市,北本町,高知,16,２ＬＤＫ,70,,,,平成7年,ＲＣ,住宅,住宅,,,,,,,2015年第4四半期,,,7.113943352306837
39017612,中古マンション等,,39201,高知県,高知市,薊野西町,薊野,5,４ＬＤＫ,95,,,,平成17年,ＳＲＣ,住宅,住宅,,,,第２種住居地域,60.0,200.0,2015年第1四半期,未改装,,7.278753600952829
39021296,中古マンション等,,39201,高知県,高知市,鷹匠町,高知,21,４ＬＤＫ,80,,,,昭和63年,ＳＲＣ,住宅,,,,,商業地域,80.0,400.0,2012年第3四半期,未改装,,7.113943352306837
39019354,中古マンション等,,39201,高知県,高知市,北本町,高知,6,,85,,,,平成20年,ＲＣ,住宅,住宅,,,,近隣商業地域,80.0,300.0,2016年第4四半期,未改装,,7.361727836017593
39013028,中古マンション等,,39201,高知県,高知市,大谷公園町,朝倉(ＪＲ),25,３ＬＤＫ,65,,,,平成8年,ＲＣ,住宅,,,,,第１種中高層住居専用地域,60.0,200.0,2010年第4四半期,未改装,,6.892094602690481
39002772,中古マンション等,,39201,高知県,高知市,針木東町,朝倉(ＪＲ),30分?60分,３ＬＤＫ,80,,,,平成15年,ＳＲＣ,,住宅,,,,準工業地域,60.0,200.0,2021年第4四半期,未改装,,7.2552725051033065
39025859,中古マンション等,,39201,高知県,高知市,中宝永町,高知,21,３ＬＤＫ,60,,,,平成2年,ＳＲＣ,住宅,,,,,商業地域,80.0,400.0,2013年第1四半期,改装済,,6.954242509439325
39022148,中古マンション等,,39201,高知県,高知市,南はりまや町,高知,13,１Ｋ,20,,,,平成3年,ＳＲＣ,住宅,,,,,商業地域,80.0,400.0,2012年第2四半期,未改装,調停・競売等,6.342422680822207
39001155,中古マンション等,,39201,高知県,高知市,鴨部,旭(高知),15,３ＬＤＫ,70,,,,昭和52年,ＳＲＣ,住宅,,,,,第１種住居地域,60.0,200.0,2021年第3四半期,未改装,,6.477121254719663
39003669,中古マンション等,,39201,高知県,高知市,南ノ丸町,高知,30分?60分,１ＬＤＫ,45,,,,昭和49年,ＳＲＣ,住宅,住宅,,,,工業地域,60.0,200.0,2020年第1四半期,未改装,調停・競売等,6.146128035678238
39001165,中古マンション等,,39201,高知県,高知市,鴨部,旭(高知),15,,70,,,,,ＳＲＣ,,住宅,,,,第１種住居地域,60.0,200.0,2020年第3四半期,改装済,,6.954242509439325
39012308,中古マンション等,,39201,高知県,高知市,桜馬場,入明,11,２ＬＤＫ,45,,,,平成4年,ＳＲＣ,住宅,住宅,,,,近隣商業地域,80.0,300.0,2014年第4四半期,,,7.041392685158225
39000254,中古マンション等,,39201,高知県,高知市,旭町,旭(高知),6,２ＬＤＫ,70,,,,昭和61年,ＳＲＣ,,住宅,,,,近隣商業地域,80.0,200.0,2018年第3四半期,,,7.113943352306837
39001297,中古マンション等,,39201,高知県,高知市,北本町,高知,6,３ＬＤＫ,65,,,,昭和58年,ＳＲＣ,住宅,住宅,,,,商業地域,,,2019年第1四半期,改装済,,7.230448921378274
39003678,中古マンション等,,39201,高知県,高知市,南はりまや町,高知,13,１Ｋ,20,,,,平成3年,ＳＲＣ,住宅,住宅,,,,商業地域,80.0,400.0,2021年第1四半期,未改装,,6.342422680822207
39003314,中古マンション等,,39201,高知県,高知市,比島町,高知,10,２ＬＤＫ＋Ｓ,65,,,,平成4年,ＳＲＣ,住宅,住宅,,,,近隣商業地域,80.0,200.0,2019年第1四半期,改装済,,7.146128035678238
39030387,中古マンション等,,39201,高知県,高知市,鴨部,朝倉(ＪＲ),28,３ＬＤＫ,70,,,,昭和52年,ＳＲＣ,住宅,,,,,第１種住居地域,60.0,200.0,2008年第3四半期,未改装,,6.518513939877887
39013181,中古マンション等,,39201,高知県,高知市,北川添,薊野,15,４ＬＤＫ,85,,,,平成15年,ＲＣ,住宅,,,,,準工業地域,60.0,200.0,2010年第2四半期,未改装,,7.301029995663981
39028439,中古マンション等,,39201,高知県,高知市,比島町,高知,10,３ＬＤＫ,75,,,,平成4年,ＳＲＣ,住宅,,,,,近隣商業地域,80.0,200.0,2009年第4四半期,未改装,,6.968482948553935
39001742,中古マンション等,,39201,高知県,高知市,桟橋通,高知,30分?60分,４ＬＤＫ,80,,,,平成13年,,住宅,住宅,,,,商業地域,80.0,400.0,2021年第2四半期,改装済,,7.204119982655925
39019108,中古マンション等,,39201,高知県,高知市,越前町,円行寺口,6,３ＬＤＫ,65,,,,平成22年,ＲＣ,住宅,住宅,,,,近隣商業地域,80.0,300.0,2016年第3四半期,未改装,,7.2552725051033065
39030433,中古マンション等,,39201,高知県,高知市,北本町,夜須,4,２ＬＤＫ,55,,,,昭和58年,ＳＲＣ,住宅,,,,,商業地域,80.0,400.0,2007年第4四半期,改装済,,6.954242509439325
39013110,中古マンション等,,39201,高知県,高知市,葛島,高知,30分?60分,３ＬＤＫ,75,,,,平成15年,ＳＲＣ,住宅,,,,,準工業地域,60.0,200.0,2010年第2四半期,,,7.146128035678238
39018885,中古マンション等,,39201,高知県,高知市,南御座,高知,25,２ＬＤＫ,70,,,,平成14年,ＲＣ,住宅,住宅,,,,,,,2015年第1四半期,,,7.146128035678238
39015100,中古マンション等,,39201,高知県,高知市,旭町,旭(高知),7,３ＬＤＫ,70,,,,昭和61年,ＳＲＣ,住宅,,,,,近隣商業地域,80.0,300.0,2011年第2四半期,未改装,,7.079181246047625
39030177,中古マンション等,,39201,高知県,高知市,薊野西町,薊野,4,４ＬＤＫ,95,,,,平成17年,ＳＲＣ,住宅,,,,,第２種住居地域,60.0,200.0,2007年第4四半期,未改装,,7.342422680822207
39019322,中古マンション等,,39201,高知県,高知市,鴨部,高知商業前,18,,70,,,,,ＳＲＣ,住宅,住宅,,,,,,,2016年第3四半期,,,6.991226075692495
39013407,中古マンション等,,39201,高知県,高知市,桟橋通,高知,25,３ＬＤＫ,90,,,,,ＲＣ,住宅,,,,,商業地域,80.0,400.0,2010年第2四半期,未改装,,7.414973347970818
39001164,中古マンション等,,39201,高知県,高知市,鴨部,旭(高知),15,３ＬＤＫ,70,,,,昭和52年,ＳＲＣ,,住宅,,,,第１種住居地域,60.0,200.0,2020年第3四半期,未改装,,6.845098040014257
39025909,中古マンション等,,39201,高知県,高知市,針木東町,朝倉(ＪＲ),30分?60分,３ＬＤＫ,80,,,,平成15年,ＳＲＣ,住宅,,,,,準工業地域,60.0,200.0,2013年第2四半期,改装済,,7.146128035678238
39022137,中古マンション等,,39201,高知県,高知市,南御座,高知,25,４ＬＤＫ,80,,,,平成14年,ＲＣ,住宅,,,,,準工業地域,60.0,200.0,2012年第2四半期,未改装,,7.041392685158225
39030998,中古マンション等,,39201,高知県,高知市,比島町,高知,12,３ＬＤＫ,65,,,,平成5年,ＳＲＣ,住宅,,,,,第１種住居地域,60.0,200.0,2008年第4四半期,改装済,,6.991226075692495
39001178,中古マンション等,,39201,高知県,高知市,鴨部,旭(高知),19,４ＬＤＫ,70,,,,平成6年,ＲＣ,住宅,住宅,,,,第１種中高層住居専用地域,60.0,200.0,2019年第1四半期,未改装,,7.0
39003591,中古マンション等,,39201,高知県,高知市,丸ノ内,入明,12,２ＬＤＫ,80,,,,平成17年,ＲＣ,住宅,住宅,,,,商業地域,80.0,400.0,2020年第4四半期,未改装,,7.3979400086720375
39031118,中古マンション等,,39201,高知県,高知市,南ノ丸町,高知,30分?60分,１ＬＤＫ,40,,,,昭和49年,ＳＲＣ,住宅,,,,,工業地域,60.0,200.0,2007年第4四半期,改装済,,6.361727836017593
39002523,中古マンション等,,39201,高知県,高知市,中宝永町,高知,23,２ＬＤＫ,45,,,,平成2年,ＳＲＣ,住宅,,,,,商業地域,80.0,400.0,2017年第4四半期,,,6.778151250383644
39001154,中古マンション等,,39201,高知県,高知市,鴨部,旭(高知),15,３ＬＤＫ,70,,,,昭和52年,ＳＲＣ,住宅,住宅,,,,第１種住居地域,60.0,200.0,2021年第3四半期,未改装,,6.880813592280791
39012171,中古マンション等,,39201,高知県,高知市,追手筋,高知,18,,310,,,,昭和55年,ＳＲＣ,その他,,,,,商業地域,80.0,500.0,2014年第4四半期,,,7.176091259055681
39019505,中古マンション等,,39201,高知県,高知市,神田,旭(高知),30分?60分,,35,,,,昭和54年,鉄骨造,住宅,住宅,,,,第１種中高層住居専用地域,60.0,200.0,2016年第1四半期,未改装,,5.477121254719663
39030564,中古マンション等,,39201,高知県,高知市,桜馬場,円行寺口,10,１Ｋ,20,,,,平成4年,ＳＲＣ,住宅,,,,,近隣商業地域,80.0,300.0,2008年第1四半期,改装済,,5.633468455579586
39027889,中古マンション等,,39201,高知県,高知市,旭町,旭(高知),6,３ＬＤＫ,75,,,,昭和62年,ＳＲＣ,住宅,,,,,近隣商業地域,80.0,300.0,2009年第1四半期,改装済,,7.176091259055681
39019546,中古マンション等,,39201,高知県,高知市,堺町,高知,14,１Ｋ,35,,,,,ＳＲＣ,住宅,住宅,,,,,,,2016年第2四半期,未改装,,5.903089986991944
39021134,中古マンション等,,39201,高知県,高知市,桟橋通,高知,30分?60分,３ＬＤＫ,65,,,,平成13年,ＳＲＣ,住宅,,,,,商業地域,80.0,400.0,2012年第2四半期,改装済,,6.954242509439325
39031059,中古マンション等,,39201,高知県,高知市,二葉町,高知,30分?60分,３ＬＤＫ,70,,,,昭和49年,ＳＲＣ,住宅,,,,,準工業地域,60.0,200.0,2008年第2四半期,未改装,,6.544068044350276
39027901,中古マンション等,,39201,高知県,高知市,薊野西町,薊野,5,４ＬＤＫ,95,,,,平成17年,ＲＣ,住宅,,,,,第２種住居地域,60.0,200.0,2009年第3四半期,未改装,,7.2552725051033065
39028438,中古マンション等,,39201,高知県,高知市,比島町,高知,16,３ＬＤＫ,80,,,,平成5年,ＳＲＣ,住宅,,,,,第１種住居地域,60.0,200.0,2009年第4四半期,未改装,,7.113943352306837
39030391,中古マンション等,,39201,高知県,高知市,鴨部,旭(高知),21,２ＬＤＫ,70,,,,平成14年,ＳＲＣ,住宅,,,,,第１種中高層住居専用地域,60.0,200.0,2008年第4四半期,未改装,,7.041392685158225
39001117,中古マンション等,,39201,高知県,高知市,上町,円行寺口,18,１ＤＫ,25,,,,平成3年,ＲＣ,住宅,住宅,,,,第１種住居地域,60.0,200.0,2019年第1四半期,未改装,,6.633468455579586
39001131,中古マンション等,,39201,高知県,高知市,上町,上町二丁目,4,１ＬＤＫ,25,,,,平成3年,ＲＣ,住宅,住宅,,,,第１種住居地域,60.0,200.0,2017年第1四半期,改装済,,6.491361693834273
39001292,中古マンション等,,39201,高知県,高知市,北本町,高知,14,４ＬＤＫ,75,,,,平成7年,ＲＣ,住宅,,,,,準工業地域,60.0,200.0,2020年第3四半期,未改装,,6.903089986991944
39000809,中古マンション等,,39201,高知県,高知市,大津,土佐大津,24,３ＬＤＫ,75,,,,平成13年,ＳＲＣ,住宅,住宅,,,,,,,2021年第2四半期,未改装,,7.230448921378274
39030860,中古マンション等,,39201,高知県,高知市,針木東町,朝倉(ＪＲ),30分?60分,４ＬＤＫ,90,,,,平成15年,ＳＲＣ,住宅,,,,,準工業地域,60.0,200.0,2008年第2四半期,未改装,調停・競売等,7.079181246047625
39012208,中古マンション等,,39201,高知県,高知市,鴨部,旭(高知),15,２ＬＤＫ,60,,,,昭和52年,ＳＲＣ,住宅,住宅,,,,第２種中高層住居専用地域,60.0,150.0,2014年第2四半期,未改装,,6.778151250383644
39000247,中古マンション等,,39201,高知県,高知市,旭町,旭(高知),6,３ＬＤＫ,70,,,,昭和61年,ＳＲＣ,,住宅,,,,近隣商業地域,80.0,200.0,2020年第4四半期,改装済,,7.176091259055681
39017889,中古マンション等,,39201,高知県,高知市,上町,円行寺口,17,１ＤＫ,25,,,,平成3年,ＲＣ,住宅,住宅,,,,第１種住居地域,60.0,200.0,2015年第1四半期,未改装,,6.544068044350276
39016251,中古マンション等,,39201,高知県,高知市,針木東町,朝倉(ＪＲ),30分?60分,３ＬＤＫ,80,,,,平成15年,ＳＲＣ,住宅,,,,,準工業地域,60.0,200.0,2011年第1四半期,未改装,,7.146128035678238
39028280,中古マンション等,,39201,高知県,高知市,中宝永町,,,３ＬＤＫ,60,,,,,ＳＲＣ,住宅,,,,,,,,2009年第4四半期,未改装,,6.968482948553935
39018828,中古マンション等,,39201,高知県,高知市,旭町,旭(高知),6,３ＬＤＫ,70,,,,昭和61年,ＳＲＣ,住宅,住宅,,,,近隣商業地域,80.0,200.0,2016年第2四半期,改装済,,7.079181246047625
39000287,中古マンション等,,39201,高知県,高知市,薊野西町,薊野,5,２ＬＤＫ,65,,,,平成17年,ＳＲＣ,住宅,住宅,,,,第２種住居地域,60.0,200.0,2021年第4四半期,改装済,,7.2552725051033065
39016429,中古マンション等,,39201,高知県,高知市,比島町,高知,14,３ＬＤＫ,65,,,,平成5年,ＳＲＣ,住宅,,,,,第１種住居地域,60.0,200.0,2011年第1四半期,未改装,,7.113943352306837
39000251,中古マンション等,,39201,高知県,高知市,旭町,旭(高知),6,３ＬＤＫ,75,,,,昭和61年,ＳＲＣ,,住宅,,,,近隣商業地域,80.0,200.0,2019年第2四半期,改装済,,7.2552725051033065
39015415,中古マンション等,,39201,高知県,高知市,越前町,円行寺口,6,４ＬＤＫ,75,,,,平成22年,ＲＣ,住宅,,,,,近隣商業地域,80.0,300.0,2011年第1四半期,未改装,,7.491361693834273
39015327,中古マンション等,,39201,高知県,高知市,一宮東町,土佐一宮,16,３ＬＤＫ,70,,,,昭和61年,ＲＣ,住宅,,,,,準工業地域,60.0,200.0,2011年第4四半期,改装済,,6.845098040014257
39003593,中古マンション等,,39201,高知県,高知市,丸ノ内,入明,13,３ＬＤＫ,80,,,,,ＲＣ,住宅,住宅,,,,商業地域,80.0,400.0,2019年第1四半期,未改装,,7.301029995663981
39000256,中古マンション等,,39201,高知県,高知市,旭町,旭(高知),6,,75,,,,昭和61年,ＳＲＣ,住宅,住宅,,,,近隣商業地域,80.0,200.0,2017年第4四半期,未改装,,7.0
39025729,中古マンション等,,39201,高知県,高知市,桟橋通,高知,20,４ＬＤＫ,80,,,,平成4年,ＳＲＣ,住宅,,,,,商業地域,80.0,400.0,2013年第4四半期,未改装,,6.832508912706237
39003304,中古マンション等,,39201,高知県,高知市,比島町,高知,10,３ＬＤＫ,60,,,,平成4年,ＳＲＣ,住宅,住宅,,,,近隣商業地域,80.0,200.0,2021年第3四半期,改装済,,7.079181246047625
39028058,中古マンション等,,39201,高知県,高知市,鴨部,,,３ＬＤＫ,70,,,,,ＲＣ,住宅,,,,,,,,2009年第3四半期,未改装,調停・競売等,6.724275869600789
39000645,中古マンション等,,39201,高知県,高知市,一宮東町,土佐一宮,16,３ＬＤＫ,70,,,,平成14年,ＳＲＣ,,住宅,,,,準工業地域,60.0,200.0,2020年第4四半期,未改装,,7.176091259055681
39001190,中古マンション等,,39201,高知県,高知市,鴨部,旭(高知),15,４ＤＫ,70,,,,昭和52年,ＳＲＣ,住宅,住宅,,,,第１種住居地域,60.0,200.0,2017年第4四半期,未改装,,6.681241237375588
39003693,中古マンション等,,39201,高知県,高知市,南はりまや町,高知,14,３ＬＤＫ,75,,,,平成3年,ＳＲＣ,住宅,住宅,,,,商業地域,80.0,400.0,2018年第2四半期,未改装,,6.968482948553935
39000298,中古マンション等,,39201,高知県,高知市,薊野西町,薊野,4,２ＬＤＫ,65,,,,平成17年,ＳＲＣ,住宅,住宅,,,,第２種住居地域,60.0,200.0,2019年第1四半期,未改装,,7.176091259055681
39027915,中古マンション等,,39201,高知県,高知市,愛宕山,高知,16,３ＬＤＫ,85,,,,平成20年,ＲＣ,住宅,,,,,第１種中高層住居専用地域,60.0,200.0,2009年第3四半期,未改装,,7.301029995663981
39031120,中古マンション等,,39201,高知県,高知市,南はりまや町,高知,14,１Ｋ,20,,,,平成3年,ＳＲＣ,住宅,,,,,商業地域,80.0,400.0,2008年第3四半期,未改装,,6.301029995663981
39001177,中古マンション等,,39201,高知県,高知市,鴨部,旭(高知),21,２ＬＤＫ,70,,,,昭和52年,ＳＲＣ,住宅,住宅,,,,第１種住居地域,60.0,200.0,2019年第2四半期,改装済,,7.113943352306837
39003843,中古マンション等,,39201,高知県,高知市,吉田町,高知,18,３ＬＤＫ,85,,,,平成14年,ＲＣ,住宅,住宅,,,,第１種中高層住居専用地域,60.0,200.0,2017年第1四半期,未改装,,7.380211241711606
39013139,中古マンション等,,39201,高知県,高知市,上町,,,１ＤＫ,25,,,,平成3年,ＲＣ,住宅,,,,,,,,2010年第3四半期,改装済,,6.57978359661681
39001495,中古マンション等,,39201,高知県,高知市,神田,旭(高知),29,３ＬＤＫ,80,,,,平成15年,ＳＲＣ,住宅,住宅,,,,準工業地域,60.0,200.0,2021年第2四半期,改装済,,7.230448921378274
39021044,中古マンション等,,39201,高知県,高知市,神田,旭(高知),28,２ＤＫ,30,,,,昭和59年,鉄骨造,住宅,,,,,第１種中高層住居専用地域,60.0,200.0,2012年第4四半期,改装済,,6.2552725051033065
39020386,中古マンション等,,39201,高知県,高知市,薊野西町,薊野,5,４ＬＤＫ,95,,,,平成17年,ＳＲＣ,住宅,,,,,第２種住居地域,60.0,200.0,2012年第4四半期,未改装,,7.278753600952829
39026073,中古マンション等,,39201,高知県,高知市,横浜,高知,1H?1H30,３ＬＤＫ,70,,,,平成14年,ＲＣ,住宅,,,,,工業地域,60.0,200.0,2013年第4四半期,未改装,,7.079181246047625
39030836,中古マンション等,,39201,高知県,高知市,廿代町,高知,11,１Ｋ,20,,,,昭和63年,ＳＲＣ,住宅,,,,,商業地域,80.0,400.0,2007年第4四半期,改装済,,6.6020599913279625
39030864,中古マンション等,,39201,高知県,高知市,針木東町,朝倉(ＪＲ),30分?60分,３ＬＤＫ,80,,,,平成15年,ＳＲＣ,住宅,,,,,準工業地域,60.0,200.0,2007年第3四半期,改装済,,7.2552725051033065
39021646,中古マンション等,,39201,高知県,高知市,針木東町,朝倉(ＪＲ),30分?60分,１ＬＤＫ,80,,,,平成15年,ＳＲＣ,住宅,,,,,準工業地域,60.0,200.0,2012年第2四半期,改装済,,7.113943352306837
39028447,中古マンション等,,39201,高知県,高知市,比島町,土佐一宮,13,４ＬＤＫ,75,,,,平成5年,ＳＲＣ,住宅,,,,,第１種住居地域,60.0,200.0,2009年第4四半期,改装済,,7.0
39015404,中古マンション等,,39201,高知県,高知市,永国寺町,高知,12,,60,,,,平成16年,ＲＣ,住宅,,,,,第１種住居地域,60.0,200.0,2011年第3四半期,未改装,,7.146128035678238
39013833,中古マンション等,,39201,高知県,高知市,針木東町,朝倉(ＪＲ),30分?60分,３ＬＤＫ,80,,,,,ＳＲＣ,住宅,,,,,,,,2010年第3四半期,未改装,,7.146128035678238
39016249,中古マンション等,,39201,高知県,高知市,針木東町,朝倉(ＪＲ),30分?60分,３ＬＤＫ,80,,,,平成15年,ＳＲＣ,住宅,,,,,準工業地域,60.0,200.0,2011年第3四半期,未改装,,7.113943352306837
39031116,中古マンション等,,39201,高知県,高知市,南ノ丸町,高知,30分?60分,１ＤＫ,40,,,,昭和49年,ＳＲＣ,住宅,,,,,工業地域,60.0,200.0,2008年第2四半期,未改装,,6.431363764158987
39018100,中古マンション等,,39201,高知県,高知市,相模町,高知,19,４ＬＤＫ,85,,,,平成15年,ＲＣ,住宅,住宅,,,,第１種中高層住居専用地域,60.0,200.0,2015年第2四半期,改装済,,7.380211241711606
39020294,中古マンション等,,39201,高知県,高知市,比島町,高知,15,３ＬＤＫ,65,,,,平成5年,ＳＲＣ,住宅,住宅,,,,第１種住居地域,60.0,200.0,2016年第2四半期,未改装,,7.041392685158225
39002662,中古マンション等,,39201,高知県,高知市,廿代町,高知,12,１Ｋ,20,,,,平成2年,ＳＲＣ,住宅,住宅,,,,商業地域,80.0,400.0,2021年第3四半期,未改装,,6.431363764158987
39019315,中古マンション等,,39201,高知県,高知市,鴨部,旭(高知),21,３ＬＤＫ,60,,,,平成6年,ＲＣ,住宅,住宅,,,,準工業地域,60.0,200.0,2016年第2四半期,改装済,,7.079181246047625
39001176,中古マンション等,,39201,高知県,高知市,鴨部,旭(高知),15,３ＬＤＫ,70,,,,昭和52年,ＳＲＣ,住宅,住宅,,,,第１種中高層住居専用地域,60.0,200.0,2019年第3四半期,改装済,,6.698970004336019
39027916,中古マンション等,,39201,高知県,高知市,愛宕山,高知,15,３ＬＤＫ,75,,,,平成20年,ＲＣ,住宅,,,,,第１種中高層住居専用地域,60.0,200.0,2009年第3四半期,未改装,,7.2552725051033065
39028087,中古マンション等,,39201,高知県,高知市,北本町,,,４ＬＤＫ,100,,,,,ＲＣ,住宅,,,,,,,,2009年第1四半期,未改装,,7.380211241711606
39028469,中古マンション等,,39201,高知県,高知市,升形,入明,20,３ＬＤＫ,70,,,,平成3年,ＲＣ,住宅,,,,,第１種住居地域,60.0,200.0,2009年第2四半期,改装済,,7.204119982655925
39019545,中古マンション等,,39201,高知県,高知市,堺町,高知,14,１Ｋ,35,,,,,ＳＲＣ,住宅,住宅,,,,,,,2016年第3四半期,改装済,,6.6020599913279625
39001714,中古マンション等,,39201,高知県,高知市,桜馬場,円行寺口,9,１Ｋ,20,,,,平成4年,ＳＲＣ,住宅,住宅,,,,近隣商業地域,80.0,300.0,2020年第3四半期,改装済,,6.531478917042255
39019311,中古マンション等,,39201,高知県,高知市,鴨部,旭(高知),14,３ＬＤＫ,70,,,,昭和52年,ＳＲＣ,住宅,住宅,,,,第１種住居地域,60.0,200.0,2016年第3四半期,改装済,,6.903089986991944
39001755,中古マンション等,,39201,高知県,高知市,桟橋通,桟橋通五丁目,7,３ＬＤＫ,65,,,,平成13年,ＳＲＣ,住宅,住宅,,,,商業地域,80.0,400.0,2019年第1四半期,改装済,,7.079181246047625
39015585,中古マンション等,,39201,高知県,高知市,鴨部,高知商業前,23,２ＬＤＫ,60,,,,平成14年,ＳＲＣ,住宅,,,,,準工業地域,60.0,200.0,2011年第3四半期,改装済,,6.982271233039568
39028080,中古マンション等,,39201,高知県,高知市,北本町,高知,7,３ＬＤＫ,80,,,,平成20年,ＲＣ,住宅,,,,,近隣商業地域,80.0,300.0,2009年第2四半期,未改装,,7.342422680822207
39017911,中古マンション等,,39201,高知県,高知市,鴨部,旭(高知),19,,70,,,,,ＳＲＣ,住宅,住宅,,,,第１種住居地域,60.0,200.0,2015年第4四半期,,,6.880813592280791
39001747,中古マンション等,,39201,高知県,高知市,桟橋通,高知,29,３ＬＤＫ,75,,,,平成14年,ＳＲＣ,住宅,住宅,,,,商業地域,80.0,400.0,2020年第3四半期,未改装,,7.278753600952829
39000409,中古マンション等,,39201,高知県,高知市,愛宕山,高知,16,３ＬＤＫ,80,,,,平成20年,ＲＣ,住宅,住宅,,,,第１種中高層住居専用地域,60.0,200.0,2020年第2四半期,未改装,,7.477121254719663
39003621,中古マンション等,,39201,高知県,高知市,南川添,高知,25,２ＬＤＫ,65,,,,平成31年,ＲＣ,住宅,住宅,,,,準工業地域,60.0,200.0,2021年第4四半期,未改装,,7.447158031342219
39003784,中古マンション等,,39201,高知県,高知市,横浜,高知,1H?1H30,４ＬＤＫ,95,,,,平成14年,,,,,,,工業地域,60.0,200.0,2021年第3四半期,未改装,,7.2552725051033065
39003653,中古マンション等,,39201,高知県,高知市,南御座,高知,25,２ＬＤＫ,55,,,,平成16年,ＲＣ,住宅,住宅,,,,準工業地域,60.0,200.0,2021年第3四半期,,,7.2552725051033065
39015796,中古マンション等,,39201,高知県,高知市,神田,旭(高知),30分?60分,２ＤＫ,35,,,,昭和55年,鉄骨造,住宅,,,,,第１種中高層住居専用地域,60.0,200.0,2011年第1四半期,未改装,,6.146128035678238
39021891,中古マンション等,,39201,高知県,高知市,比島町,高知,14,３ＬＤＫ,65,,,,平成5年,ＳＲＣ,住宅,,,,,第１種住居地域,60.0,200.0,2012年第4四半期,未改装,,6.903089986991944
39015160,中古マンション等,,39201,高知県,高知市,薊野西町,薊野,5,２ＬＤＫ,60,,,,平成17年,ＳＲＣ,住宅,,,,,第２種住居地域,60.0,200.0,2011年第1四半期,未改装,,7.2552725051033065
39013538,中古マンション等,,39201,高知県,高知市,高須,高知,30分?60分,４ＬＤＫ,95,,,,平成16年,ＳＲＣ,住宅,,,,,準工業地域,60.0,200.0,2010年第4四半期,未改装,,7.3222192947339195
39017583,中古マンション等,,39201,高知県,高知市,旭町,旭(高知),7,４ＬＤＫ,85,,,,昭和61年,ＳＲＣ,住宅,住宅,,,,近隣商業地域,80.0,300.0,2015年第4四半期,未改装,,7.041392685158225
39001179,中古マンション等,,39201,高知県,高知市,鴨部,旭(高知),21,３ＬＤＫ,70,,,,昭和52年,ＳＲＣ,住宅,住宅,,,,第１種住居地域,60.0,200.0,2019年第1四半期,改装済,,7.146128035678238
39028079,中古マンション等,,39201,高知県,高知市,北本町,高知,7,３ＬＤＫ,80,,,,平成20年,ＲＣ,住宅,,,,,近隣商業地域,80.0,300.0,2009年第2四半期,,,7.3222192947339195
39016591,中古マンション等,,39201,高知県,高知市,六泉寺町,高知,30分?60分,３ＬＤＫ,85,,,,平成10年,ＲＣ,住宅,,,,,第１種住居地域,60.0,200.0,2011年第1四半期,未改装,,7.041392685158225
39003576,中古マンション等,,39201,高知県,高知市,升形,高知,28,１ＤＫ,30,,,,,ＳＲＣ,住宅,住宅,,,,,,,2017年第2四半期,未改装,,7.041392685158225
39002516,中古マンション等,,39201,高知県,高知市,中宝永町,高知,23,１Ｒ,60,,,,,ＳＲＣ,,住宅,,,,商業地域,80.0,400.0,2020年第3四半期,未改装,,6.812913356642856
39025867,中古マンション等,,39201,高知県,高知市,縄手町,旭(高知),7,２ＬＤＫ,65,,,,平成19年,ＲＣ,住宅,,,,,第１種中高層住居専用地域,60.0,200.0,2013年第2四半期,,,7.146128035678238
39016493,中古マンション等,,39201,高知県,高知市,升形,円行寺口,21,３ＬＤＫ,65,,,,平成8年,ＲＣ,住宅,,,,,第１種住居地域,60.0,200.0,2011年第4四半期,改装済,,7.041392685158225
39028149,中古マンション等,,39201,高知県,高知市,桟橋通,高知,,３ＬＤＫ,85,,,,平成20年,ＲＣ,住宅,,,,,,,,2009年第2四半期,未改装,,7.361727836017593
39000408,中古マンション等,,39201,高知県,高知市,愛宕山,高知,25,３ＬＤＫ,85,,,,平成18年,ＲＣ,住宅,住宅,,,,近隣商業地域,80.0,200.0,2020年第2四半期,改装済,,7.414973347970818
39003622,中古マンション等,,39201,高知県,高知市,南川添,高知,26,３ＬＤＫ,70,,,,平成31年,ＲＣ,住宅,住宅,,,,準工業地域,60.0,200.0,2021年第3四半期,未改装,,7.477121254719663
39018642,中古マンション等,,39201,高知県,高知市,比島町,高知,15,３ＬＤＫ,65,,,,平成5年,ＳＲＣ,住宅,住宅,,,,第１種住居地域,60.0,200.0,2015年第1四半期,未改装,,6.977723605288848
39031007,中古マンション等,,39201,高知県,高知市,一ツ橋町,入明,15,３ＬＤＫ,55,,,,平成6年,ＲＣ,住宅,,,,,,,,2007年第3四半期,未改装,,6.778151250383644
39000935,中古マンション等,,39201,高知県,高知市,追手筋,高知,18,３ＬＤＫ,65,,,,昭和55年,ＳＲＣ,,住宅,,,,商業地域,80.0,500.0,2020年第2四半期,,,6.6127838567197355
39002777,中古マンション等,,39201,高知県,高知市,針木東町,朝倉(ＪＲ),30分?60分,３ＬＤＫ,85,,,,平成15年,ＳＲＣ,,住宅,,,,準工業地域,60.0,200.0,2021年第1四半期,未改装,,7.230448921378274
39018821,中古マンション等,,39201,高知県,高知市,升形,高知,26,１ＤＫ,20,,,,,ＳＲＣ,住宅,,,,,商業地域,80.0,400.0,2015年第4四半期,未改装,,6.5910646070264995
39002566,中古マンション等,,39201,高知県,高知市,縄手町,旭(高知),8,３ＬＤＫ,75,,,,,,,住宅,,,,,,,2019年第2四半期,,,6.919078092376074
39015979,中古マンション等,,39201,高知県,高知市,鷹匠町,大橋通,3,２ＤＫ,45,,,,昭和63年,ＳＲＣ,住宅,,,,,商業地域,80.0,400.0,2011年第4四半期,未改装,,6.903089986991944
39019281,中古マンション等,,39201,高知県,高知市,上町,上町二丁目,4,１Ｋ,20,,,,平成3年,ＲＣ,住宅,住宅,,,,第１種住居地域,60.0,200.0,2016年第2四半期,未改装,,6.4623979978989565
39012309,中古マンション等,,39201,高知県,高知市,桜馬場,入明,11,２ＤＫ,40,,,,平成4年,ＳＲＣ,住宅,住宅,,,,近隣商業地域,80.0,300.0,2014年第3四半期,未改装,,6.724275869600789
39025453,中古マンション等,,39201,高知県,高知市,鴨部,旭(高知),16,４ＬＤＫ,70,,,,昭和52年,ＳＲＣ,住宅,,,,,第１種住居地域,60.0,200.0,2013年第3四半期,未改装,,6.477121254719663
39002790,中古マンション等,,39201,高知県,高知市,針木東町,朝倉(ＪＲ),30分?60分,４ＬＤＫ,90,,,,平成15年,ＳＲＣ,,住宅,,,,準工業地域,60.0,200.0,2017年第4四半期,未改装,,7.3222192947339195
39012203,中古マンション等,,39201,高知県,高知市,鴨部,旭(高知),19,５ＬＤＫ,85,,,,平成6年,ＲＣ,住宅,住宅,,,,第１種中高層住居専用地域,60.0,200.0,2014年第4四半期,未改装,,7.176091259055681
39028440,中古マンション等,,39201,高知県,高知市,比島町,高知,9,２ＬＤＫ,55,,,,平成4年,ＳＲＣ,住宅,,,,,近隣商業地域,80.0,200.0,2009年第3四半期,未改装,,6.968482948553935
39003302,中古マンション等,,39201,高知県,高知市,比島町,高知,15,３ＬＤＫ,70,,,,平成5年,ＳＲＣ,,住宅,,,,第１種住居地域,60.0,200.0,2021年第4四半期,改装済,,7.113943352306837
39015977,中古マンション等,,39201,高知県,高知市,鷹匠町,入明,20,３ＬＤＫ,110,,,,平成18年,ＲＣ,住宅,,,,,第１種住居地域,60.0,200.0,2011年第4四半期,改装済,,7.278753600952829
39002674,中古マンション等,,39201,高知県,高知市,廿代町,堀詰,9,１Ｒ,20,,,,昭和63年,ＳＲＣ,,住宅,,,,商業地域,80.0,400.0,2018年第2四半期,,,6.690196080028514
39020461,中古マンション等,,39201,高知県,高知市,みづき,円行寺口,28,２ＬＤＫ,65,,,,平成16年,ＳＲＣ,住宅,住宅,,,,,,,2016年第1四半期,,,7.0
39030837,中古マンション等,,39201,高知県,高知市,廿代町,高知,11,１Ｋ,20,,,,平成2年,ＳＲＣ,住宅,,,,,商業地域,80.0,400.0,2007年第4四半期,未改装,,6.477121254719663
39003555,中古マンション等,,39201,高知県,高知市,本町,高知,15,２ＬＤＫ,55,,,,平成25年,ＲＣ,住宅,住宅,,,,商業地域,80.0,600.0,2017年第1四半期,未改装,,7.361727836017593
39012645,中古マンション等,,39201,高知県,高知市,南ノ丸町,高知,30分?60分,２ＤＫ,40,,,,昭和49年,ＳＲＣ,住宅,住宅,,,,工業地域,60.0,200.0,2014年第3四半期,未改装,,6.342422680822207
39020628,中古マンション等,,39201,高知県,高知市,永国寺町,入明,12,２ＬＤＫ,75,,,,平成16年,ＲＣ,住宅,,,,,第１種住居地域,60.0,200.0,2012年第2四半期,未改装,,7.278753600952829
39030394,中古マンション等,,39201,高知県,高知市,鴨部,旭(高知),21,５ＬＤＫ,85,,,,平成6年,ＲＣ,住宅,,,,,準工業地域,60.0,200.0,2007年第2四半期,未改装,,7.079181246047625
39003323,中古マンション等,,39201,高知県,高知市,比島町,高知,15,３ＬＤＫ,65,,,,,ＳＲＣ,住宅,住宅,,,,第１種住居地域,60.0,200.0,2018年第1四半期,未改装,,6.929418925714293
39030369,中古マンション等,,39201,高知県,高知市,葛島,高知,30分?60分,４ＬＤＫ,90,,,,平成13年,ＲＣ,住宅,,,,,近隣商業地域,80.0,200.0,2007年第4四半期,未改装,,7.176091259055681
39016422,中古マンション等,,39201,高知県,高知市,比島町,高知,10,２ＬＤＫ,55,,,,平成4年,ＳＲＣ,住宅,,,,,近隣商業地域,80.0,300.0,2011年第4四半期,未改装,,6.991226075692495
39027938,中古マンション等,,39201,高知県,高知市,一宮東町,土佐一宮,17,２ＬＤＫ,65,,,,平成14年,ＳＲＣ,住宅,,,,,第１種住居地域,60.0,200.0,2009年第3四半期,改装済,,7.0
39025096,中古マンション等,,39201,高知県,高知市,旭町,旭(高知),5,２ＬＤＫ,60,,,,昭和61年,ＳＲＣ,住宅,,,,,近隣商業地域,80.0,300.0,2013年第2四半期,未改装,,6.778151250383644
39026088,中古マンション等,,39201,高知県,高知市,六泉寺町,高知,30分?60分,３ＬＤＫ,85,,,,平成10年,ＲＣ,住宅,,,,,第１種住居地域,60.0,200.0,2013年第3四半期,,,7.2552725051033065
39003533,中古マンション等,,39201,高知県,高知市,本町,高知,15,３ＬＤＫ,70,,,,平成25年,ＲＣ,,住宅,,,,商業地域,80.0,600.0,2020年第3四半期,,,7.477121254719663
39000955,中古マンション等,,39201,高知県,高知市,小津町,入明,5,２ＬＤＫ＋Ｓ,60,,,,平成25年,ＲＣ,住宅,住宅,,,,第１種住居地域,60.0,200.0,2017年第2四半期,未改装,,7.301029995663981
39030862,中古マンション等,,39201,高知県,高知市,針木東町,朝倉(ＪＲ),30分?60分,３ＬＤＫ,80,,,,平成15年,ＳＲＣ,住宅,,,,,準工業地域,60.0,200.0,2007年第4四半期,未改装,,7.301029995663981
39012081,中古マンション等,,39201,高知県,高知市,旭町,旭(高知),6,２ＬＤＫ,65,,,,昭和61年,ＳＲＣ,住宅,住宅,,,,近隣商業地域,80.0,200.0,2014年第3四半期,改装済,,7.079181246047625
39000956,中古マンション等,,39201,高知県,高知市,小津町,入明,6,２ＬＤＫ,60,,,,,ＲＣ,住宅,住宅,,,,,,,2017年第2四半期,未改装,,7.2552725051033065
39002029,中古マンション等,,39201,高知県,高知市,鷹匠町,高知,26,３ＬＤＫ,95,,,,平成16年,ＲＣ,,住宅,,,,商業地域,80.0,400.0,2020年第1四半期,未改装,,7.477121254719663
39001671,中古マンション等,,39201,高知県,高知市,栄田町,高知,2,,60,,,,平成29年,ＲＣ,,その他,,,,近隣商業地域,80.0,300.0,2018年第1四半期,,,7.3979400086720375
39001167,中古マンション等,,39201,高知県,高知市,鴨部,旭(高知),15,３ＬＤＫ,70,,,,昭和52年,ＳＲＣ,住宅,,,,,第１種住居地域,60.0,200.0,2020年第2四半期,未改装,,6.778151250383644
39012199,中古マンション等,,39201,高知県,高知市,上町,円行寺口,17,１ＤＫ,20,,,,,ＲＣ,住宅,住宅,,,,,,,2014年第3四半期,未改装,,6.5910646070264995
39013156,中古マンション等,,39201,高知県,高知市,鴨部,旭(高知),15,３ＬＤＫ,70,,,,昭和52年,ＳＲＣ,住宅,,,,,第１種住居地域,60.0,200.0,2010年第1四半期,改装済,,6.913813852383717
39012218,中古マンション等,,39201,高知県,高知市,北川添,高知,24,４ＬＤＫ,70,,,,平成15年,ＲＣ,住宅,,,,,準工業地域,60.0,200.0,2014年第3四半期,,,7.079181246047625
39030343,中古マンション等,,39201,高知県,高知市,小津町,入明,11,１Ｋ,20,,,,昭和61年,ＲＣ,住宅,,,,,第１種住居地域,60.0,200.0,2007年第3四半期,未改装,,6.57978359661681
39030867,中古マンション等,,39201,高知県,高知市,針木東町,朝倉(ＪＲ),30分?60分,３ＬＤＫ,80,,,,平成15年,ＳＲＣ,住宅,,,,,準工業地域,60.0,200.0,2007年第3四半期,未改装,,7.301029995663981
39031114,中古マンション等,,39201,高知県,高知市,南ノ丸町,高知,30分?60分,２ＤＫ,45,,,,昭和49年,ＳＲＣ,住宅,,,,,工業地域,60.0,200.0,2008年第4四半期,未改装,,6.2552725051033065
39028085,中古マンション等,,39201,高知県,高知市,北本町,,,３ＬＤＫ,80,,,,,ＲＣ,住宅,,,,,,,,2009年第2四半期,未改装,,7.278753600952829
39020298,中古マンション等,,39201,高知県,高知市,比島町,高知,15,４ＬＤＫ,75,,,,平成5年,ＳＲＣ,住宅,,,,,第１種住居地域,60.0,200.0,2016年第1四半期,改装済,,7.204119982655925
39002669,中古マンション等,,39201,高知県,高知市,廿代町,高知,12,,40,,,,平成2年,ＳＲＣ,住宅,住宅,,,,商業地域,80.0,400.0,2019年第2四半期,未改装,,6.763427993562937
39031115,中古マンション等,,39201,高知県,高知市,南ノ丸町,高知,30分?60分,３ＤＫ,50,,,,昭和49年,ＳＲＣ,住宅,,,,,工業地域,60.0,200.0,2008年第4四半期,未改装,,6.653212513775344
39015055,中古マンション等,,39201,高知県,高知市,朝倉西町,朝倉(ＪＲ),25,４ＬＤＫ,70,,,,平成3年,ＲＣ,住宅,,,,,,,,2011年第1四半期,未改装,,6.8750612633917
39001096,中古マンション等,,39201,高知県,高知市,上町,円行寺口,18,１Ｋ,20,,,,平成3年,ＲＣ,住宅,住宅,,,,第１種住居地域,60.0,200.0,2021年第4四半期,,,6.740362689494244
39027890,中古マンション等,,39201,高知県,高知市,旭町,旭駅前通,2,１ＬＤＫ,60,,,,昭和61年,ＳＲＣ,住宅,,,,,近隣商業地域,80.0,300.0,2009年第4四半期,改装済,,6.903089986991944
39019632,中古マンション等,,39201,高知県,高知市,桟橋通,高知,22,４ＬＤＫ,80,,,,昭和59年,ＳＲＣ,住宅,住宅,,,,商業地域,80.0,400.0,2016年第1四半期,未改装,,6.892094602690481
39018826,中古マンション等,,39201,高知県,高知市,旭町,旭(高知),6,２ＬＤＫ,75,,,,昭和61年,ＳＲＣ,住宅,住宅,,,,近隣商業地域,80.0,200.0,2016年第2四半期,改装済,,7.204119982655925
39001291,中古マンション等,,39201,高知県,高知市,北本町,高知,15,４ＬＤＫ,70,,,,,ＲＣ,,住宅,,,,準工業地域,60.0,200.0,2020年第3四半期,,,6.041392685158225
39003570,中古マンション等,,39201,高知県,高知市,升形,入明,20,,65,,,,平成3年,ＲＣ,住宅,住宅,,,,第１種住居地域,60.0,200.0,2017年第2四半期,未改装,,7.0
39030865,中古マンション等,,39201,高知県,高知市,針木東町,朝倉(ＪＲ),30分?60分,３ＬＤＫ,80,,,,平成15年,ＳＲＣ,住宅,,,,,準工業地域,60.0,200.0,2007年第3四半期,未改装,,7.301029995663981
39017967,中古マンション等,,39201,高知県,高知市,九反田,高知,22,２ＬＤＫ,55,,,,平成19年,ＲＣ,住宅,住宅,,,,,,,2015年第1四半期,,,7.2552725051033065
39000903,中古マンション等,,39201,高知県,高知市,大津,舟戸,4,３ＬＤＫ,75,,,,平成13年,ＲＣ,,,,,,第１種住居地域,60.0,200.0,2017年第4四半期,改装済,,7.176091259055681
39012465,中古マンション等,,39201,高知県,高知市,廿代町,高知,12,２ＤＫ,40,,,,平成2年,ＳＲＣ,住宅,,,,,商業地域,80.0,400.0,2014年第1四半期,改装済,,6.8750612633917
39025910,中古マンション等,,39201,高知県,高知市,針木東町,朝倉(ＪＲ),30分?60分,３ＬＤＫ,80,,,,平成15年,ＳＲＣ,住宅,,,,,準工業地域,60.0,200.0,2013年第1四半期,未改装,,7.079181246047625
39030869,中古マンション等,,39201,高知県,高知市,針木東町,朝倉(ＪＲ),30分?60分,３ＬＤＫ,80,,,,平成15年,ＳＲＣ,住宅,,,,,準工業地域,60.0,200.0,2007年第2四半期,未改装,,7.278753600952829
39001130,中古マンション等,,39201,高知県,高知市,上町,円行寺口,16,,25,,,,平成3年,ＲＣ,住宅,,,,,第１種住居地域,60.0,200.0,2017年第1四半期,,,6.505149978319906
39028052,中古マンション等,,39201,高知県,高知市,鴨部,旭(高知),21,４ＬＤＫ,70,,,,平成6年,ＲＣ,住宅,,,,,準工業地域,60.0,200.0,2009年第3四半期,未改装,調停・競売等,6.799340549453582
39030148,中古マンション等,,39201,高知県,高知市,旭町,旭(高知),7,４ＬＤＫ,80,,,,昭和61年,ＳＲＣ,住宅,,,,,近隣商業地域,80.0,300.0,2008年第3四半期,未改装,,7.113943352306837
39015016,中古マンション等,,39201,高知県,高知市,朝倉,朝倉(ＪＲ),29,３ＬＤＫ,70,,,,昭和62年,ＲＣ,住宅,,,,,第１種中高層住居専用地域,60.0,200.0,2011年第3四半期,未改装,,6.812913356642856
39031079,中古マンション等,,39201,高知県,高知市,升形,入明,16,１ＬＤＫ,50,,,,平成2年,ＳＲＣ,住宅,,,,,商業地域,80.0,500.0,2008年第3四半期,未改装,,6.944482672150168
39000901,中古マンション等,,39201,高知県,高知市,大津,舟戸,4,３ＬＤＫ,75,,,,平成13年,ＲＣ,,住宅,,,,第１種住居地域,60.0,200.0,2020年第2四半期,未改装,,7.204119982655925
39000075,中古マンション等,,39201,高知県,高知市,朝倉,朝倉(ＪＲ),30分?60分,,70,,,,昭和62年,ＲＣ,住宅,住宅,,,,第１種中高層住居専用地域,60.0,200.0,2020年第1四半期,未改装,,6.892094602690481
39015541,中古マンション等,,39201,高知県,高知市,鴨部,朝倉(ＪＲ),19,４ＬＤＫ,70,,,,平成4年,ＲＣ,住宅,,,,,第２種中高層住居専用地域,60.0,200.0,2011年第4四半期,改装済,,7.041392685158225
39018256,中古マンション等,,39201,高知県,高知市,唐人町,菜園場町,5,３ＬＤＫ,85,,,,平成11年,ＲＣ,住宅,住宅,,,,商業地域,80.0,400.0,2015年第4四半期,未改装,,7.2552725051033065
39003682,中古マンション等,,39201,高知県,高知市,南はりまや町,高知,13,１Ｋ,20,,,,平成3年,ＳＲＣ,,住宅,,,,商業地域,80.0,400.0,2020年第3四半期,,,6.531478917042255
39020340,中古マンション等,,39201,高知県,高知市,旭町,旭(高知),5,４ＬＤＫ,80,,,,昭和62年,ＳＲＣ,住宅,,,,,近隣商業地域,80.0,300.0,2012年第4四半期,未改装,,7.079181246047625
39020485,中古マンション等,,39201,高知県,高知市,南御座,高知,25,,70,,,,,ＲＣ,住宅,住宅,,,,,,,2016年第3四半期,,,7.176091259055681
39003574,中古マンション等,,39201,高知県,高知市,升形,高知,26,２ＤＫ,45,,,,平成2年,ＳＲＣ,住宅,住宅,,,,商業地域,80.0,500.0,2021年第3四半期,未改装,,6.939519252618618
39013969,中古マンション等,,39201,高知県,高知市,比島町,高知,13,３ＬＤＫ,65,,,,平成5年,ＳＲＣ,住宅,,,,,第１種住居地域,60.0,200.0,2010年第1四半期,未改装,,7.041392685158225
39002567,中古マンション等,,39201,高知県,高知市,縄手町,旭(高知),8,２ＬＤＫ,65,,,,,ＲＣ,住宅,,,,,第１種中高層住居専用地域,60.0,200.0,2018年第2四半期,未改装,,7.230448921378274
39020636,中古マンション等,,39201,高知県,高知市,越前町,円行寺口,6,３ＬＤＫ,65,,,,,ＲＣ,住宅,,,,,,,,2012年第2四半期,未改装,,7.3979400086720375
39020565,中古マンション等,,39201,高知県,高知市,一宮東町,土佐一宮,16,３ＬＤＫ,75,,,,昭和61年,ＲＣ,住宅,,,,,準工業地域,60.0,200.0,2012年第1四半期,未改装,,6.799340549453582
39020639,中古マンション等,,39201,高知県,高知市,越前町,円行寺口,30分?60分,２ＬＤＫ,65,,,,,ＲＣ,住宅,,,,,商業地域,80.0,200.0,2012年第1四半期,,,7.361727836017593
39014093,中古マンション等,,39201,高知県,高知市,南御座,高知,24,２ＬＤＫ,55,,,,平成16年,ＲＣ,住宅,,,,,準工業地域,60.0,200.0,2010年第2四半期,未改装,,7.113943352306837
39025727,中古マンション等,,39201,高知県,高知市,桟橋通,高知,30分?60分,４ＬＤＫ,80,,,,平成13年,ＳＲＣ,住宅,,,,,商業地域,80.0,400.0,2013年第4四半期,改装済,,7.041392685158225
39012644,中古マンション等,,39201,高知県,高知市,南ノ丸町,高知,30分?60分,オープンフロア,480,,,,,ＳＲＣ,事務所,,,,,,,,2014年第3四半期,未改装,調停・競売等,5.278753600952829
39014061,中古マンション等,,39201,高知県,高知市,みづき,円行寺口,28,３ＬＤＫ,75,,,,平成16年,ＳＲＣ,住宅,,,,,第１種住居地域,60.0,200.0,2010年第2四半期,未改装,,7.146128035678238
39013405,中古マンション等,,39201,高知県,高知市,桟橋通,高知,23,４ＬＤＫ,85,,,,平成20年,ＲＣ,住宅,,,,,商業地域,80.0,400.0,2010年第2四半期,未改装,,7.361727836017593
39015549,中古マンション等,,39201,高知県,高知市,鴨部,旭(高知),15,３ＬＤＫ,70,,,,昭和52年,ＳＲＣ,住宅,,,,,第１種住居地域,60.0,200.0,2011年第2四半期,改装済,,6.477121254719663
39017866,中古マンション等,,39201,高知県,高知市,上町,旭(高知),24,１ＤＫ,20,,,,平成3年,ＲＣ,住宅,住宅,,,,第１種住居地域,60.0,200.0,2015年第4四半期,未改装,,6.544068044350276
39001186,中古マンション等,,39201,高知県,高知市,鴨部,旭(高知),21,４ＬＤＫ＋Ｓ,75,,,,平成6年,ＲＣ,住宅、その他,住宅,,,,準工業地域,60.0,200.0,2018年第2四半期,未改装,,7.0
39000653,中古マンション等,,39201,高知県,高知市,一宮東町,土佐一宮,16,３ＬＤＫ,70,,,,平成14年,ＳＲＣ,住宅,住宅,,,,準工業地域,60.0,200.0,2019年第2四半期,未改装,,7.146128035678238
39014094,中古マンション等,,39201,高知県,高知市,南御座,高知,26,４ＬＤＫ,90,,,,平成16年,ＲＣ,住宅,,,,,準工業地域,60.0,200.0,2010年第1四半期,未改装,,7.204119982655925
39015403,中古マンション等,,39201,高知県,高知市,永国寺町,入明,12,２ＬＤＫ,80,,,,平成16年,ＲＣ,住宅,,,,,商業地域,80.0,400.0,2011年第2四半期,未改装,,7.230448921378274
39003331,中古マンション等,,39201,高知県,高知市,比島町,高知,15,３ＬＤＫ,80,,,,平成5年,ＳＲＣ,住宅,住宅,,,,第１種住居地域,60.0,200.0,2017年第1四半期,,,7.176091259055681
39002673,中古マンション等,,39201,高知県,高知市,廿代町,堀詰,9,１Ｋ,20,,,,昭和63年,ＳＲＣ,,,,,,商業地域,80.0,400.0,2021年第2四半期,未改装,,6.4623979978989565
39012188,中古マンション等,,39201,高知県,高知市,葛島,高知,30分?60分,３ＬＤＫ,95,,,,平成15年,ＳＲＣ,住宅,,,,,準工業地域,60.0,200.0,2014年第1四半期,改装済,,7.361727836017593
39028077,中古マンション等,,39201,高知県,高知市,北本町,高知,6,４ＬＤＫ,65,,,,昭和58年,ＳＲＣ,住宅,,,,,商業地域,80.0,400.0,2009年第2四半期,未改装,,7.0
39030132,中古マンション等,,39201,高知県,高知市,朝倉西町,朝倉(ＪＲ),25,３ＬＤＫ,70,,,,平成3年,ＲＣ,住宅,,,,,第１種住居地域,60.0,200.0,2007年第2四半期,未改装,,7.041392685158225
39001058,中古マンション等,,39201,高知県,高知市,葛島,高知,30分?60分,３ＬＤＫ,90,,,,平成13年,ＲＣ,住宅,住宅,,,,近隣商業地域,80.0,200.0,2021年第3四半期,改装済,,7.342422680822207
39018123,中古マンション等,,39201,高知県,高知市,桟橋通,桟橋通五丁目,6,３ＬＤＫ,65,,,,平成13年,ＳＲＣ,住宅,住宅,,,,,,,2015年第1四半期,,,6.973127853599698
39030861,中古マンション等,,39201,高知県,高知市,針木東町,朝倉(ＪＲ),30分?60分,３ＬＤＫ,80,,,,平成15年,ＳＲＣ,住宅,,,,,準工業地域,60.0,200.0,2008年第1四半期,未改装,,7.2552725051033065
39001315,中古マンション等,,39201,高知県,高知市,九反田,高知,24,１ＤＫ,55,,,,平成19年,ＲＣ,住宅,住宅,,,,第１種住居地域,60.0,200.0,2020年第2四半期,未改装,,7.230448921378274
39020290,中古マンション等,,39201,高知県,高知市,比島町,高知,15,３ＬＤＫ,65,,,,平成5年,ＳＲＣ,住宅,,,,,第１種住居地域,60.0,200.0,2016年第4四半期,改装済,,7.113943352306837
39019316,中古マンション等,,39201,高知県,高知市,鴨部,旭(高知),14,３ＬＤＫ,70,,,,昭和52年,ＳＲＣ,住宅,住宅,,,,第１種住居地域,60.0,200.0,2016年第2四半期,改装済,,6.812913356642856
39000297,中古マンション等,,39201,高知県,高知市,薊野西町,薊野,5,４ＬＤＫ,95,,,,平成17年,ＳＲＣ,住宅,住宅,,,,第２種住居地域,60.0,200.0,2019年第2四半期,未改装,,7.3979400086720375
39028050,中古マンション等,,39201,高知県,高知市,上町,円行寺口,15,１ＤＫ,20,,,,平成3年,ＲＣ,住宅,,,,,第１種住居地域,60.0,200.0,2009年第4四半期,未改装,,6.3979400086720375
39031117,中古マンション等,,39201,高知県,高知市,南ノ丸町,高知,30分?60分,３ＤＫ,50,,,,昭和51年,ＳＲＣ,住宅,,,,,工業地域,60.0,200.0,2008年第1四半期,未改装,,6.477121254719663
39015411,中古マンション等,,39201,高知県,高知市,越前町,円行寺口,6,３ＬＤＫ,65,,,,平成22年,ＲＣ,住宅,,,,,近隣商業地域,80.0,300.0,2011年第2四半期,未改装,,7.342422680822207
39003853,中古マンション等,,39201,高知県,高知市,六泉寺町,高知,30分?60分,５ＬＤＫ,155,,,,平成10年,ＲＣ,,住宅,,,,第１種住居地域,60.0,200.0,2019年第3四半期,未改装,,7.3222192947339195
39001657,中古マンション等,,39201,高知県,高知市,堺町,高知,13,１Ｋ,30,,,,昭和63年,,,住宅,,,,商業地域,80.0,500.0,2020年第3四半期,,,6.518513939877887
39031124,中古マンション等,,39201,高知県,高知市,南はりまや町,高知,14,１Ｋ,15,,,,平成3年,ＳＲＣ,住宅,,,,,商業地域,80.0,400.0,2007年第2四半期,未改装,,6.361727836017593
39030859,中古マンション等,,39201,高知県,高知市,針木東町,朝倉(ＪＲ),30分?60分,３ＬＤＫ,80,,,,平成15年,ＳＲＣ,住宅,,,,,準工業地域,60.0,200.0,2008年第2四半期,未改装,,7.204119982655925
39002672,中古マンション等,,39201,高知県,高知市,廿代町,堀詰,9,１Ｋ,20,,,,昭和63年,ＳＲＣ,,住宅,,,,商業地域,80.0,400.0,2021年第3四半期,未改装,,6.477121254719663
39003668,中古マンション等,,39201,高知県,高知市,南ノ丸町,高知,30分?60分,オープンフロア,480,,,,,ＳＲＣ,事務所,その他,,,,工業地域,60.0,200.0,2020年第4四半期,未改装,調停・競売等,6.230448921378274
39000346,中古マンション等,,39201,高知県,高知市,薊野南町,薊野,8,２ＤＫ,40,,,,昭和61年,鉄骨造,住宅,住宅,,,,第２種住居地域,60.0,200.0,2020年第4四半期,未改装,,6.477121254719663
39020393,中古マンション等,,39201,高知県,高知市,二葉町,知寄町一丁目,2,３ＬＤＫ,70,,,,平成8年,ＳＲＣ,住宅,住宅,,,,準工業地域,60.0,200.0,2016年第3四半期,未改装,,6.7558748556724915
39002671,中古マンション等,,39201,高知県,高知市,廿代町,高知,13,１ＤＫ,20,,,,,ＳＲＣ,住宅,その他,,,,商業地域,80.0,400.0,2017年第4四半期,未改装,,6.301029995663981
39020726,中古マンション等,,39201,高知県,高知市,帯屋町,高知,18,２ＬＤＫ,85,,,,平成21年,ＲＣ,住宅,,,,,商業地域,80.0,500.0,2012年第3四半期,改装済,,7.491361693834273
39003575,中古マンション等,,39201,高知県,高知市,升形,高知,26,３ＤＫ,50,,,,平成2年,ＳＲＣ,,住宅,,,,商業地域,80.0,500.0,2020年第1四半期,改装済,,7.146128035678238
39015589,中古マンション等,,39201,高知県,高知市,鴨部,高知商業前,20,２ＬＤＫ,60,,,,平成14年,ＳＲＣ,住宅,,,,,第１種中高層住居専用地域,60.0,200.0,2011年第1四半期,未改装,,6.977723605288848
39017879,中古マンション等,,39201,高知県,高知市,上町,円行寺口,16,２ＤＫ,45,,,,平成3年,ＲＣ,住宅,住宅,,,,第１種住居地域,60.0,200.0,2015年第3四半期,改装済,,7.113943352306837
39030427,中古マンション等,,39201,高知県,高知市,北本町,高知,19,４ＬＤＫ,85,,,,平成7年,ＲＣ,住宅,,,,,準工業地域,60.0,200.0,2008年第2四半期,未改装,,7.176091259055681
39030378,中古マンション等,,39201,高知県,高知市,上町,円行寺口,17,１Ｋ,20,,,,平成3年,ＲＣ,住宅,,,,,第１種住居地域,60.0,200.0,2008年第4四半期,改装済,,6.6127838567197355
39016421,中古マンション等,,39201,高知県,高知市,比島町,高知,13,３ＬＤＫ,70,,,,平成5年,ＳＲＣ,住宅,,,,,第１種住居地域,60.0,200.0,2011年第4四半期,未改装,,7.079181246047625
39025728,中古マンション等,,39201,高知県,高知市,桟橋通,高知,25,４ＬＤＫ,80,,,,,ＳＲＣ,住宅,,,,,商業地域,80.0,400.0,2013年第4四半期,未改装,,6.929418925714293
39000413,中古マンション等,,39201,高知県,高知市,愛宕山,高知,16,,75,,,,,ＲＣ,住宅,住宅,,,,第１種中高層住居専用地域,60.0,200.0,2017年第3四半期,未改装,,7.361727836017593
39019312,中古マンション等,,39201,高知県,高知市,鴨部,旭(高知),14,３ＬＤＫ,70,,,,昭和52年,ＳＲＣ,住宅,その他,,,,第１種住居地域,60.0,200.0,2016年第3四半期,未改装,,6.544068044350276
39017955,中古マンション等,,39201,高知県,高知市,北本町,高知,16,５ＬＤＫ,85,,,,平成7年,ＲＣ,住宅,住宅,,,,,,,2015年第4四半期,,,7.113943352306837
39015407,中古マンション等,,39201,高知県,高知市,越前町,円行寺口,6,３ＬＤＫ,65,,,,平成22年,ＲＣ,住宅,,,,,近隣商業地域,80.0,300.0,2011年第4四半期,改装済,,7.414973347970818
39025496,中古マンション等,,39201,高知県,高知市,北本町,高知,6,４ＬＤＫ,75,,,,昭和59年,ＳＲＣ,住宅,,,,,商業地域,80.0,400.0,2013年第2四半期,未改装,,6.763427993562937
39000149,中古マンション等,,39201,高知県,高知市,朝倉西町,朝倉(ＪＲ),25,４ＬＤＫ,70,,,,平成3年,ＲＣ,,住宅,,,,第１種住居地域,60.0,200.0,2020年第2四半期,,,7.079181246047625
39020633,中古マンション等,,39201,高知県,高知市,越前町,円行寺口,6,３ＬＤＫ,65,,,,平成22年,ＲＣ,住宅,,,,,近隣商業地域,80.0,300.0,2012年第3四半期,改装済,,7.2552725051033065
39003319,中古マンション等,,39201,高知県,高知市,比島町,高知,10,２ＬＤＫ,55,,,,平成4年,ＳＲＣ,住宅,住宅,,,,近隣商業地域,80.0,200.0,2018年第3四半期,未改装,,7.079181246047625
39018766,中古マンション等,,39201,高知県,高知市,二葉町,知寄町一丁目,2,２ＬＤＫ,60,,,,平成8年,ＳＲＣ,住宅,,,,,準工業地域,60.0,200.0,2015年第4四半期,未改装,,6.778151250383644
39018983,中古マンション等,,39201,高知県,高知市,吉田町,高知,18,３ＬＤＫ,70,,,,平成14年,ＲＣ,住宅,住宅,,,,第１種中高層住居専用地域,60.0,200.0,2015年第4四半期,未改装,,7.204119982655925
39001299,中古マンション等,,39201,高知県,高知市,北本町,高知,8,４ＬＤＫ,100,,,,平成20年,ＲＣ,住宅,住宅,,,,近隣商業地域,80.0,300.0,2018年第3四半期,未改装,,7.462397997898956
39012486,中古マンション等,,39201,高知県,高知市,針木東町,朝倉(ＪＲ),30分?60分,３ＬＤＫ,80,,,,平成15年,ＳＲＣ,住宅,,,,,準工業地域,60.0,200.0,2014年第1四半期,未改装,,7.079181246047625
39025318,中古マンション等,,39201,高知県,高知市,大谷公園町,朝倉(ＪＲ),25,４ＬＤＫ,90,,,,平成8年,ＲＣ,住宅,,,,,第１種中高層住居専用地域,60.0,200.0,2013年第2四半期,未改装,,6.954242509439325
39030863,中古マンション等,,39201,高知県,高知市,針木東町,朝倉(ＪＲ),30分?60分,３ＬＤＫ,80,,,,平成15年,ＳＲＣ,住宅,,,,,準工業地域,60.0,200.0,2007年第4四半期,未改装,,7.2552725051033065
39018218,中古マンション等,,39201,高知県,高知市,鷹匠町,高知,27,２ＬＤＫ,95,,,,平成16年,ＲＣ,住宅,住宅,,,,商業地域,80.0,400.0,2015年第3四半期,未改装,,7.477121254719663
39019307,中古マンション等,,39201,高知県,高知市,鴨部,旭(高知),15,２ＬＤＫ,70,,,,昭和52年,ＳＲＣ,住宅,,,,,第１種住居地域,60.0,200.0,2016年第4四半期,,,7.079181246047625
39028444,中古マンション等,,39201,高知県,高知市,比島町,高知,14,３ＬＤＫ,70,,,,平成5年,ＳＲＣ,住宅,,,,,第１種住居地域,60.0,200.0,2009年第2四半期,未改装,調停・競売等,6.778151250383644
39012466,中古マンション等,,39201,高知県,高知市,廿代町,堀詰,9,２ＤＫ,45,,,,昭和63年,ＳＲＣ,住宅,住宅,,,,商業地域,80.0,400.0,2014年第4四半期,,,6.929418925714293
39030179,中古マンション等,,39201,高知県,高知市,薊野西町,薊野,5,４ＬＤＫ,95,,,,平成17年,ＲＣ,住宅,,,,,第２種住居地域,60.0,200.0,2007年第3四半期,未改装,,7.414973347970818
39001317,中古マンション等,,39201,高知県,高知市,九反田,高知,24,１ＬＤＫ,80,,,,,,,住宅,,,,第１種住居地域,60.0,200.0,2018年第3四半期,未改装,,7.447158031342219
39020066,中古マンション等,,39201,高知県,高知市,針木東町,朝倉(ＪＲ),30分?60分,３ＬＤＫ,80,,,,平成14年,ＳＲＣ,住宅,住宅,,,,準工業地域,60.0,200.0,2016年第2四半期,改装済,,7.176091259055681
39017819,中古マンション等,,39201,高知県,高知市,小津町,入明,6,４ＬＤＫ,80,,,,平成25年,ＲＣ,住宅,住宅,,,,第１種住居地域,60.0,200.0,2015年第3四半期,未改装,,7.447158031342219
39000295,中古マンション等,,39201,高知県,高知市,薊野西町,薊野,5,４ＬＤＫ,95,,,,平成17年,ＳＲＣ,,住宅,,,,第２種住居地域,60.0,200.0,2019年第4四半期,未改装,,7.380211241711606
39025060,中古マンション等,,39201,高知県,高知市,朝倉,朝倉(ＪＲ),30分?60分,,60,,,,昭和62年,ＲＣ,住宅,,,,,近隣商業地域,80.0,200.0,2013年第1四半期,改装済,,6.939519252618618
39001672,中古マンション等,,39201,高知県,高知市,相模町,入明,8,２ＬＤＫ,55,,,,平成24年,ＲＣ,住宅,住宅,,,,近隣商業地域,80.0,200.0,2022年第1四半期,改装済,,7.278753600952829
39017919,中古マンション等,,39201,高知県,高知市,鴨部,旭(高知),15,３ＬＤＫ,70,,,,昭和52年,ＳＲＣ,住宅,住宅,,,,第１種中高層住居専用地域,60.0,200.0,2015年第2四半期,改装済,,6.763427993562937
39030866,中古マンション等,,39201,高知県,高知市,針木東町,朝倉(ＪＲ),30分?60分,３ＬＤＫ,80,,,,平成15年,ＳＲＣ,住宅,,,,,準工業地域,60.0,200.0,2007年第3四半期,未改装,,7.113943352306837
39001163,中古マンション等,,39201,高知県,高知市,鴨部,旭(高知),15,２ＬＤＫ,70,,,,昭和52年,ＳＲＣ,住宅,住宅,,,,第１種中高層住居専用地域,60.0,200.0,2020年第3四半期,未改装,,7.113943352306837
39017958,中古マンション等,,39201,高知県,高知市,北本町,高知,6,３ＬＤＫ,105,,,,平成21年,ＲＣ,住宅,住宅,,,,近隣商業地域,80.0,300.0,2015年第1四半期,未改装,,7.477121254719663
39001126,中古マンション等,,39201,高知県,高知市,上町,円行寺口,16,１ＤＫ,20,,,,,ＲＣ,,住宅,,,,第１種住居地域,60.0,200.0,2018年第1四半期,未改装,,6.477121254719663
39013778,中古マンション等,,39201,高知県,高知市,廿代町,高知,14,１Ｋ,20,,,,昭和63年,ＳＲＣ,住宅,,,,,商業地域,80.0,400.0,2010年第2四半期,未改装,,6.431363764158987
39025973,中古マンション等,,39201,高知県,高知市,一ツ橋町,入明,15,２ＤＫ,55,,,,平成6年,ＲＣ,住宅,,,,,第２種住居地域,60.0,200.0,2013年第1四半期,,,6.892094602690481
39025969,中古マンション等,,39201,高知県,高知市,比島町,高知,15,３ＬＤＫ,55,,,,平成5年,ＳＲＣ,住宅,,,,,第１種住居地域,60.0,200.0,2013年第1四半期,改装済,,6.954242509439325
39028076,中古マンション等,,39201,高知県,高知市,北本町,高知,7,３ＬＤＫ,80,,,,平成20年,ＲＣ,住宅,,,,,近隣商業地域,80.0,300.0,2009年第2四半期,未改装,,7.230448921378274
39003309,中古マンション等,,39201,高知県,高知市,比島町,高知,15,３ＬＤＫ,70,,,,平成5年,ＳＲＣ,住宅,住宅,,,,第１種住居地域,60.0,200.0,2020年第1四半期,改装済,,7.230448921378274
39015402,中古マンション等,,39201,高知県,高知市,永国寺町,入明,12,２ＬＤＫ,75,,,,平成16年,ＲＣ,住宅,,,,,商業地域,80.0,400.0,2011年第3四半期,未改装,,7.301029995663981
39001174,中古マンション等,,39201,高知県,高知市,鴨部,旭(高知),19,２ＬＤＫ,60,,,,平成6年,ＲＣ,住宅,住宅,,,,第１種中高層住居専用地域,60.0,200.0,2019年第4四半期,未改装,,6.903089986991944
39025377,中古マンション等,,39201,高知県,高知市,追手筋,高知,18,３ＬＤＫ,115,,,,昭和55年,ＳＲＣ,住宅,,,,,商業地域,80.0,500.0,2013年第1四半期,未改装,,7.146128035678238
39003332,中古マンション等,,39201,高知県,高知市,比島町,高知,14,４ＬＤＫ,80,,,,平成5年,ＳＲＣ,住宅,住宅,,,,第１種住居地域,60.0,200.0,2017年第1四半期,未改装,,7.146128035678238
39012640,中古マンション等,,39201,高知県,高知市,南御座,高知,25,４ＬＤＫ,90,,,,平成14年,ＲＣ,住宅,住宅,,,,準工業地域,60.0,200.0,2014年第1四半期,未改装,,7.2552725051033065
39000650,中古マンション等,,39201,高知県,高知市,一宮東町,土佐一宮,18,３ＬＤＫ,70,,,,平成14年,ＳＲＣ,住宅,住宅,,,,準工業地域,60.0,200.0,2020年第2四半期,未改装,,7.146128035678238
39000053,中古マンション等,,39201,高知県,高知市,朝倉,朝倉(ＪＲ),29,３ＬＤＫ,70,,,,昭和62年,ＲＣ,住宅,住宅,,,,第１種中高層住居専用地域,60.0,200.0,2021年第1四半期,未改装,,6.799340549453582
39013182,中古マンション等,,39201,高知県,高知市,北川添,薊野,12,４ＬＤＫ,85,,,,平成15年,ＲＣ,住宅,,,,,準工業地域,60.0,200.0,2010年第2四半期,未改装,,7.278753600952829
39028086,中古マンション等,,39201,高知県,高知市,北本町,,,３ＬＤＫ,95,,,,,ＲＣ,住宅,,,,,,,,2009年第2四半期,未改装,,7.431363764158987
39002030,中古マンション等,,39201,高知県,高知市,鷹匠町,高知,21,２ＤＫ,45,,,,昭和63年,ＳＲＣ,,住宅,,,,商業地域,80.0,400.0,2018年第3四半期,,,6.8750612633917
39022146,中古マンション等,,39201,高知県,高知市,南はりまや町,高知,13,１Ｋ,20,,,,平成3年,ＳＲＣ,住宅,,,,,商業地域,80.0,400.0,2012年第4四半期,未改装,,6.079181246047625
39019547,中古マンション等,,39201,高知県,高知市,堺町,高知,13,１ＬＤＫ,30,,,,昭和63年,ＳＲＣ,住宅,住宅,,,,商業地域,80.0,500.0,2016年第1四半期,未改装,,6.6020599913279625
39031002,中古マンション等,,39201,高知県,高知市,比島町,高知,12,３ＬＤＫ,70,,,,平成5年,ＳＲＣ,住宅,,,,,,60.0,200.0,2008年第1四半期,改装済,,7.079181246047625
39012311,中古マンション等,,39201,高知県,高知市,桜馬場,円行寺口,9,３Ｋ,40,,,,平成4年,ＳＲＣ,住宅,住宅,,,,近隣商業地域,80.0,300.0,2014年第3四半期,未改装,,6.886490725172482
39017740,中古マンション等,,39201,高知県,高知市,潮新町,高知,24,３ＬＤＫ,70,,,,平成14年,ＳＲＣ,住宅,,,,,商業地域,80.0,400.0,2015年第1四半期,,,7.176091259055681
39002025,中古マンション等,,39201,高知県,高知市,鷹匠町,高知,21,３ＬＤＫ,95,,,,平成16年,ＲＣ,住宅,住宅,,,,商業地域,80.0,400.0,2021年第2四半期,,,7.568201724066995
39030533,中古マンション等,,39201,高知県,高知市,神田,,,２ＤＫ,30,,,,,鉄骨造,住宅,,,,,,,,2007年第3四半期,改装済,,6.301029995663981
39002026,中古マンション等,,39201,高知県,高知市,鷹匠町,高知,21,３ＬＤＫ,95,,,,平成16年,ＲＣ,,住宅,,,,商業地域,80.0,400.0,2020年第3四半期,,,7.447158031342219
39030147,中古マンション等,,39201,高知県,高知市,旭町,旭(高知),7,３ＬＤＫ,70,,,,昭和61年,ＳＲＣ,住宅,,,,,近隣商業地域,80.0,300.0,2008年第3四半期,改装済,,7.079181246047625
39012207,中古マンション等,,39201,高知県,高知市,鴨部,旭(高知),1,４ＬＤＫ,70,,,,平成6年,ＲＣ,住宅,住宅,,,,準工業地域,60.0,200.0,2014年第2四半期,未改装,,6.929418925714293
39001192,中古マンション等,,39201,高知県,高知市,鴨部,旭(高知),19,４ＬＤＫ,70,,,,平成6年,ＲＣ,住宅,住宅,,,,第１種中高層住居専用地域,60.0,200.0,2017年第2四半期,未改装,,7.0
39019627,中古マンション等,,39201,高知県,高知市,桟橋通,高知,30分?60分,４ＬＤＫ,75,,,,平成13年,ＳＲＣ,住宅,住宅,,,,商業地域,80.0,400.0,2016年第3四半期,未改装,,7.041392685158225
39001107,中古マンション等,,39201,高知県,高知市,上町,円行寺口,18,１Ｋ,20,,,,平成3年,ＲＣ,住宅,住宅,,,,第１種住居地域,60.0,200.0,2020年第2四半期,未改装,,6.57978359661681
39021137,中古マンション等,,39201,高知県,高知市,桟橋通,高知,30分?60分,３ＬＤＫ,65,,,,平成13年,ＳＲＣ,住宅,,,,,商業地域,80.0,400.0,2012年第1四半期,未改装,,6.913813852383717
39013534,中古マンション等,,39201,高知県,高知市,鷹匠町,入明,20,３ＬＤＫ,70,,,,昭和63年,ＳＲＣ,住宅,,,,,商業地域,80.0,400.0,2010年第4四半期,未改装,,7.079181246047625
39018747,中古マンション等,,39201,高知県,高知市,朝倉西町,朝倉(ＪＲ),25,,70,,,,平成3年,ＲＣ,住宅,住宅,,,,第１種住居地域,60.0,200.0,2016年第3四半期,,,7.041392685158225
39015408,中古マンション等,,39201,高知県,高知市,越前町,円行寺口,6,３ＬＤＫ,75,,,,平成22年,ＲＣ,住宅,,,,,近隣商業地域,80.0,300.0,2011年第3四半期,未改装,,7.491361693834273
39003626,中古マンション等,,39201,高知県,高知市,南川添,高知,25,２ＬＤＫ,55,,,,平成31年,,,住宅,,,,準工業地域,60.0,200.0,2019年第4四半期,,,7.3979400086720375
39003597,中古マンション等,,39201,高知県,高知市,丸ノ内,入明,12,３ＬＤＫ,80,,,,平成17年,ＲＣ,住宅,住宅,,,,商業地域,80.0,400.0,2017年第1四半期,,,7.414973347970818
39020805,中古マンション等,,39201,高知県,高知市,鴨部,旭(高知),16,３ＬＤＫ,70,,,,昭和52年,ＳＲＣ,住宅,,,,,第１種住居地域,60.0,200.0,2012年第2四半期,改装済,,6.913813852383717
39012438,中古マンション等,,39201,高知県,高知市,中宝永町,高知,23,２ＬＤＫ,50,,,,平成2年,ＳＲＣ,住宅,住宅,,,,商業地域,80.0,400.0,2014年第2四半期,改装済,,6.9084850188786495
39025439,中古マンション等,,39201,高知県,高知市,上町,円行寺口,16,１Ｋ,25,,,,平成3年,ＲＣ,住宅,,,,,第１種住居地域,60.0,200.0,2013年第3四半期,未改装,,5.505149978319906
39003492,中古マンション等,,39201,高知県,高知市,二葉町,知寄町一丁目,2,１ＬＤＫ,30,,,,平成8年,ＳＲＣ,,住宅,,,,準工業地域,60.0,200.0,2020年第3四半期,,,6.477121254719663
39030180,中古マンション等,,39201,高知県,高知市,薊野西町,薊野,5,４ＬＤＫ,95,,,,平成16年,ＳＲＣ,住宅,,,,,第２種住居地域,60.0,200.0,2007年第3四半期,未改装,,7.380211241711606
39031167,中古マンション等,,39201,高知県,高知市,六泉寺町,高知,30分?60分,３ＬＤＫ,75,,,,平成10年,ＲＣ,住宅,,,,,第１種住居地域,60.0,200.0,2008年第2四半期,改装済,,7.146128035678238
39017900,中古マンション等,,39201,高知県,高知市,鴨部,朝倉(ＪＲ),30分?60分,３ＬＤＫ,80,,,,平成14年,ＳＲＣ,住宅,住宅,,,,準工業地域,60.0,200.0,2015年第1四半期,未改装,,7.113943352306837
39020484,中古マンション等,,39201,高知県,高知市,南御座,高知,24,３ＬＤＫ＋Ｓ,75,,,,平成16年,ＲＣ,住宅,住宅,,,,準工業地域,60.0,200.0,2016年第4四半期,改装済,,7.278753600952829
39013383,中古マンション等,,39201,高知県,高知市,桜井町,高知,11,３ＬＤＫ,75,,,,平成2年,ＳＲＣ,住宅,,,,,商業地域,80.0,400.0,2010年第2四半期,改装済,,7.079181246047625
39001666,中古マンション等,,39201,高知県,高知市,栄田町,高知,2,３ＬＤＫ,65,,,,平成29年,ＲＣ,,その他,,,,近隣商業地域,80.0,300.0,2020年第4四半期,未改装,,7.447158031342219
39003303,中古マンション等,,39201,高知県,高知市,比島町,高知,10,３ＬＤＫ,70,,,,平成4年,ＳＲＣ,,住宅,,,,近隣商業地域,80.0,200.0,2021年第4四半期,未改装,,7.146128035678238
39028441,中古マンション等,,39201,高知県,高知市,比島町,高知,13,４ＬＤＫ,110,,,,平成5年,ＳＲＣ,住宅,,,,,第１種住居地域,60.0,200.0,2009年第3四半期,未改装,,7.301029995663981
39030424,中古マンション等,,39201,高知県,高知市,北本町,高知,7,４ＬＤＫ,100,,,,平成20年,ＲＣ,住宅,,,,,近隣商業地域,80.0,300.0,2008年第4四半期,,,7.414973347970818
39027939,中古マンション等,,39201,高知県,高知市,一宮東町,土佐一宮,16,３ＬＤＫ,70,,,,昭和61年,ＲＣ,住宅,,,,,準工業地域,60.0,200.0,2009年第3四半期,未改装,,6.903089986991944
39001745,中古マンション等,,39201,高知県,高知市,桟橋通,高知,25,２ＬＤＫ,65,,,,昭和59年,,,住宅,,,,商業地域,80.0,400.0,2021年第1四半期,改装済,,6.919078092376074
39001528,中古マンション等,,39201,高知県,高知市,神田,旭(高知),2,,30,,,,昭和59年,鉄骨造,,住宅,,,,第１種中高層住居専用地域,60.0,200.0,2019年第1四半期,,,5.929418925714293
39017923,中古マンション等,,39201,高知県,高知市,鴨部,旭(高知),14,３ＬＤＫ,70,,,,,ＳＲＣ,住宅,住宅,,,,,,,2015年第1四半期,未改装,,7.041392685158225
39003301,中古マンション等,,39201,高知県,高知市,比島町,高知,15,３ＬＤＫ,80,,,,平成5年,ＳＲＣ,住宅,住宅,,,,第１種住居地域,60.0,200.0,2022年第1四半期,未改装,,7.204119982655925
39025469,中古マンション等,,39201,高知県,高知市,鴨部,高知商業前,23,３ＬＤＫ,75,,,,平成14年,ＳＲＣ,住宅,,,,,準工業地域,60.0,200.0,2013年第2四半期,未改装,,7.0
39019262,中古マンション等,,39201,高知県,高知市,葛島,高知,30分?60分,３ＬＤＫ,75,,,,平成15年,ＳＲＣ,住宅,住宅,,,,準工業地域,60.0,200.0,2016年第2四半期,未改装,,7.146128035678238
39001157,中古マンション等,,39201,高知県,高知市,鴨部,旭(高知),15,３ＬＤＫ,70,,,,昭和52年,ＳＲＣ,住宅,住宅,,,,第１種住居地域,60.0,200.0,2021年第2四半期,未改装,,7.0
39020440,中古マンション等,,39201,高知県,高知市,升形,入明,20,３ＬＤＫ,75,,,,平成3年,ＲＣ,住宅,住宅,,,,第１種住居地域,60.0,200.0,2016年第3四半期,,,7.146128035678238
39017811,中古マンション等,,39201,高知県,高知市,追手筋,高知,18,３ＬＤＫ,65,,,,昭和55年,ＳＲＣ,住宅,住宅,,,,商業地域,80.0,500.0,2015年第2四半期,,,6.799340549453582
39027882,中古マンション等,,39201,高知県,高知市,朝倉西町,朝倉(ＪＲ),25,４ＬＤＫ,70,,,,平成3年,ＲＣ,住宅、店舗、その他,,,,,第１種住居地域,60.0,200.0,2009年第3四半期,未改装,調停・競売等,6.903089986991944
39030178,中古マンション等,,39201,高知県,高知市,薊野西町,薊野,5,４ＬＤＫ,95,,,,平成17年,ＳＲＣ,住宅,,,,,第２種住居地域,60.0,200.0,2007年第4四半期,未改装,,7.3222192947339195
39002568,中古マンション等,,39201,高知県,高知市,縄手町,旭(高知),8,３ＬＤＫ,85,,,,,,,住宅,,,,第１種中高層住居専用地域,60.0,200.0,2018年第1四半期,未改装,,7.301029995663981
39028074,中古マンション等,,39201,高知県,高知市,北本町,高知,15,２ＬＤＫ,70,,,,平成7年,ＲＣ,住宅,,,,,準工業地域,60.0,200.0,2009年第4四半期,改装済,,7.146128035678238
39030505,中古マンション等,,39201,高知県,高知市,神田,旭(高知),30分?60分,２ＤＫ,30,,,,昭和54年,鉄骨造,住宅,,,,,第１種中高層住居専用地域,60.0,200.0,2008年第3四半期,改装済,,7.361727836017593
39018111,中古マンション等,,39201,高知県,高知市,桜馬場,入明,11,１Ｋ,20,,,,平成4年,ＳＲＣ,住宅,住宅,,,,近隣商業地域,80.0,300.0,2015年第1四半期,未改装,,6.3979400086720375
39030172,中古マンション等,,39201,高知県,高知市,薊野西町,薊野,5,３ＬＤＫ,75,,,,平成17年,ＲＣ,住宅,,,,,第２種住居地域,60.0,200.0,2008年第2四半期,未改装,調停・競売等,7.113943352306837
39000962,中古マンション等,,39201,高知県,高知市,帯屋町,高知,16,３ＬＤＫ,85,,,,平成21年,ＲＣ,住宅,住宅,,,,商業地域,80.0,500.0,2021年第2四半期,改装済,,7.447158031342219
39028075,中古マンション等,,39201,高知県,高知市,北本町,高知,7,３ＬＤＫ,80,,,,平成20年,ＲＣ,住宅,,,,,近隣商業地域,80.0,300.0,2009年第3四半期,未改装,,7.301029995663981
39028446,中古マンション等,,39201,高知県,高知市,比島町,高知,13,３ＬＤＫ,65,,,,平成5年,ＳＲＣ,住宅,,,,,第１種住居地域,60.0,200.0,2009年第1四半期,,,7.0
39003327,中古マンション等,,39201,高知県,高知市,比島町,高知,10,３ＬＤＫ,65,,,,平成4年,ＳＲＣ,住宅,住宅,,,,近隣商業地域,80.0,200.0,2017年第3四半期,未改装,,7.176091259055681
39019259,中古マンション等,,39201,高知県,高知市,葛島,高知,30分?60分,４ＬＤＫ,95,,,,平成15年,ＳＲＣ,住宅,住宅,,,,準工業地域,60.0,200.0,2016年第3四半期,未改装,,7.2552725051033065
39000902,中古マンション等,,39201,高知県,高知市,大津,舟戸,4,３ＬＤＫ,75,,,,平成13年,ＲＣ,住宅,住宅,,,,第１種住居地域,60.0,200.0,2017年第4四半期,未改装,,7.176091259055681
39012484,中古マンション等,,39201,高知県,高知市,針木東町,朝倉(ＪＲ),30分?60分,３ＬＤＫ,65,,,,,ＲＣ,住宅,住宅,,,,第１種中高層住居専用地域,60.0,200.0,2014年第4四半期,改装済,,6.763427993562937
39025966,中古マンション等,,39201,高知県,高知市,比島町,高知,15,３ＬＤＫ,65,,,,平成5年,ＳＲＣ,住宅,,,,,第１種住居地域,60.0,200.0,2013年第4四半期,改装済,,7.113943352306837
39012135,中古マンション等,,39201,高知県,高知市,潮新町,高知,28,３ＬＤＫ,70,,,,平成14年,ＳＲＣ,住宅,住宅,,,,商業地域,80.0,400.0,2014年第4四半期,未改装,,7.204119982655925
39003655,中古マンション等,,39201,高知県,高知市,南御座,高知,25,３ＬＤＫ,65,,,,平成16年,,,その他,,,,準工業地域,60.0,200.0,2019年第4四半期,未改装,,7.301029995663981
39016214,中古マンション等,,39201,高知県,高知市,廿代町,高知,13,１Ｋ,20,,,,平成2年,ＳＲＣ,住宅,,,,,商業地域,80.0,400.0,2011年第2四半期,改装済,,6.544068044350276
39013185,中古マンション等,,39201,高知県,高知市,北川添,高知,30分?60分,４ＬＤＫ,85,,,,平成15年,ＲＣ,住宅,,,,,準工業地域,60.0,200.0,2010年第2四半期,未改装,,7.230448921378274
39000954,中古マンション等,,39201,高知県,高知市,小津町,入明,5,２ＤＫ,60,,,,平成25年,,,住宅,,,,第１種住居地域,60.0,200.0,2018年第4四半期,未改装,,7.361727836017593
39003325,中古マンション等,,39201,高知県,高知市,比島町,高知,10,３ＬＤＫ,75,,,,平成4年,ＳＲＣ,住宅,住宅,,,,近隣商業地域,80.0,200.0,2017年第4四半期,改装済,,7.230448921378274
39012609,中古マンション等,,39201,高知県,高知市,二葉町,高知,28,３ＬＤＫ,70,,,,昭和49年,ＳＲＣ,住宅,住宅,,,,準工業地域,60.0,200.0,2014年第4四半期,,,6.763427993562937
39030779,中古マンション等,,39201,高知県,高知市,中宝永町,高知,23,３ＬＤＫ,55,,,,平成2年,ＳＲＣ,住宅,,,,,商業地域,80.0,400.0,2008年第1四半期,未改装,,7.041392685158225
39019118,中古マンション等,,39201,高知県,高知市,大谷公園町,朝倉(ＪＲ),30分?60分,３ＬＤＫ,70,,,,,ＲＣ,住宅,その他,,,,第１種中高層住居専用地域,60.0,200.0,2016年第2四半期,未改装,,6.977723605288848
39030302,中古マンション等,,39201,高知県,高知市,大谷公園町,朝倉(ＪＲ),25,４ＬＤＫ,70,,,,平成8年,ＲＣ,住宅,,,,,第１種中高層住居専用地域,60.0,200.0,2008年第1四半期,未改装,,7.0
39028084,中古マンション等,,39201,高知県,高知市,北本町,,,３ＬＤＫ,85,,,,,ＲＣ,住宅,,,,,,,,2009年第2四半期,改装済,,7.278753600952829
39030390,中古マンション等,,39201,高知県,高知市,鴨部,旭(高知),,４ＬＤＫ,70,,,,平成6年,ＲＣ,住宅,,,,,,,,2008年第4四半期,未改装,,6.8750612633917
39003625,中古マンション等,,39201,高知県,高知市,南川添,高知,26,３ＬＤＫ,65,,,,平成31年,ＲＣ,,住宅,,,,準工業地域,60.0,200.0,2020年第2四半期,,,7.477121254719663
39018896,中古マンション等,,39201,高知県,高知市,南はりまや町,高知,13,１Ｋ,20,,,,,ＳＲＣ,住宅,住宅,,,,商業地域,80.0,400.0,2015年第4四半期,未改装,,6.342422680822207
39030552,中古マンション等,,39201,高知県,高知市,相模町,入明,8,３ＬＤＫ,70,,,,平成15年,ＲＣ,住宅,,,,,第１種中高層住居専用地域,60.0,200.0,2007年第3四半期,未改装,,7.361727836017593
39012310,中古マンション等,,39201,高知県,高知市,桜馬場,入明,11,３Ｋ,40,,,,平成4年,ＳＲＣ,住宅,,,,,近隣商業地域,80.0,300.0,2014年第1四半期,未改装,,6.892094602690481
39002041,中古マンション等,,39201,高知県,高知市,高須,高知,30分?60分,３ＬＤＫ,80,,,,平成16年,ＳＲＣ,,住宅,,,,準工業地域,60.0,200.0,2017年第3四半期,未改装,,7.204119982655925
39021112,中古マンション等,,39201,高知県,高知市,桜馬場,入明,11,１ＤＫ,20,,,,平成4年,ＳＲＣ,住宅,,,,,近隣商業地域,80.0,300.0,2012年第2四半期,未改装,,6.447158031342219
39030395,中古マンション等,,39201,高知県,高知市,鴨部,旭(高知),21,２ＬＤＫ,70,,,,平成14年,ＳＲＣ,住宅,,,,,,,,2007年第2四半期,改装済,,7.079181246047625
39020811,中古マンション等,,39201,高知県,高知市,鴨部,高知商業前,23,３ＬＤＫ,70,,,,平成14年,ＳＲＣ,住宅,,,,,準工業地域,60.0,200.0,2012年第2四半期,未改装,,7.041392685158225
39013129,中古マンション等,,39201,高知県,高知市,上町,円行寺口,16,１Ｋ,25,,,,平成3年,ＲＣ,住宅,,,,,第１種住居地域,60.0,200.0,2010年第4四半期,未改装,,6.544068044350276
39016213,中古マンション等,,39201,高知県,高知市,廿代町,高知,11,,25,,,,平成2年,ＳＲＣ,住宅,,,,,商業地域,80.0,500.0,2011年第3四半期,未改装,,6.3222192947339195
39002789,中古マンション等,,39201,高知県,高知市,針木東町,朝倉(ＪＲ),30分?60分,３ＬＤＫ,80,,,,平成15年,ＳＲＣ,住宅,住宅,,,,準工業地域,60.0,200.0,2017年第4四半期,未改装,,7.176091259055681
39028307,中古マンション等,,39201,高知県,高知市,廿代町,高知,12,３ＬＤＫ,70,,,,平成2年,ＳＲＣ,住宅,,,,,商業地域,80.0,400.0,2009年第3四半期,未改装,,7.079181246047625
39017917,中古マンション等,,39201,高知県,高知市,鴨部,旭(高知),21,３ＬＤＫ,70,,,,平成6年,ＲＣ,住宅,住宅,,,,準工業地域,60.0,200.0,2015年第2四半期,未改装,,7.079181246047625
39001206,中古マンション等,,39201,高知県,高知市,鴨部,高知商業前,18,,70,,,,,ＳＲＣ,住宅,住宅,,,,,,,2017年第4四半期,改装済,,6.959041392321094
39020774,中古マンション等,,39201,高知県,高知市,上町,円行寺口,18,１Ｋ,25,,,,平成3年,ＲＣ,住宅,,,,,第１種住居地域,60.0,200.0,2012年第1四半期,未改装,,6.491361693834273
39000786,中古マンション等,,39201,高知県,高知市,大谷公園町,朝倉(ＪＲ),25,１ＬＤＫ,70,,,,平成8年,ＲＣ,住宅,住宅,,,,第１種中高層住居専用地域,60.0,200.0,2017年第4四半期,未改装,,6.778151250383644
39012177,中古マンション等,,39201,高知県,高知市,小津町,入明,9,オープンフロア,25,,,,昭和61年,ＲＣ,事務所,,,,,第１種住居地域,60.0,200.0,2014年第1四半期,未改装,,6.113943352306837
39021102,中古マンション等,,39201,高知県,高知市,桜井町,高知,13,３ＬＤＫ,65,,,,平成2年,ＳＲＣ,住宅,,,,,近隣商業地域,80.0,300.0,2012年第4四半期,未改装,,6.986771734266245
39030870,中古マンション等,,39201,高知県,高知市,針木東町,朝倉(ＪＲ),30分?60分,３ＬＤＫ,80,,,,平成15年,ＳＲＣ,住宅,,,,,準工業地域,60.0,200.0,2007年第2四半期,未改装,,7.301029995663981
39012231,中古マンション等,,39201,高知県,高知市,北本町,高知,8,２ＬＤＫ,80,,,,平成21年,ＲＣ,住宅,住宅,,,,,,,2014年第2四半期,,,7.278753600952829
39030999,中古マンション等,,39201,高知県,高知市,比島町,高知,12,３ＬＤＫ,80,,,,平成5年,ＳＲＣ,住宅,,,,,第１種住居地域,60.0,200.0,2008年第3四半期,未改装,,7.146128035678238
39000969,中古マンション等,,39201,高知県,高知市,帯屋町,高知,18,２ＬＤＫ,85,,,,,ＲＣ,住宅,住宅,,,,,,,2017年第2四半期,改装済,,7.531478917042255
39012865,中古マンション等,,39201,高知県,高知市,愛宕山,,,２ＬＤＫ,70,,,,,ＲＣ,住宅,,,,,,,,2010年第2四半期,,,7.2552725051033065
39020312,中古マンション等,,39201,高知県,高知市,一ツ橋町,高知,20,３ＬＤＫ,60,,,,平成6年,ＲＣ,住宅,住宅,,,,第２種住居地域,60.0,200.0,2016年第1四半期,未改装,,7.0
39028082,中古マンション等,,39201,高知県,高知市,北本町,高知,7,４ＬＤＫ,95,,,,平成20年,ＲＣ,住宅,,,,,近隣商業地域,80.0,300.0,2009年第1四半期,,,7.57978359661681
39001711,中古マンション等,,39201,高知県,高知市,桜馬場,入明,11,１Ｋ,20,,,,平成4年,ＳＲＣ,,住宅,,,,近隣商業地域,80.0,300.0,2018年第4四半期,改装済,,6.477121254719663
39001193,中古マンション等,,39201,高知県,高知市,鴨部,旭(高知),14,３ＬＤＫ,70,,,,昭和52年,ＳＲＣ,住宅,住宅,,,,第１種住居地域,60.0,200.0,2017年第2四半期,改装済,,6.903089986991944
39001673,中古マンション等,,39201,高知県,高知市,相模町,入明,8,２ＬＤＫ,65,,,,平成15年,ＲＣ,住宅,住宅,,,,第１種中高層住居専用地域,60.0,200.0,2018年第2四半期,未改装,,7.278753600952829
39019280,中古マンション等,,39201,高知県,高知市,上町,円行寺口,16,１Ｋ,20,,,,,ＲＣ,住宅,住宅,,,,第１種住居地域,60.0,200.0,2016年第1四半期,未改装,,6.3222192947339195
39016147,中古マンション等,,39201,高知県,高知市,縄手町,旭(高知),9,３ＬＤＫ,80,,,,平成19年,ＲＣ,住宅,,,,,第１種中高層住居専用地域,60.0,200.0,2011年第1四半期,未改装,調停・競売等,7.176091259055681
39018641,中古マンション等,,39201,高知県,高知市,比島町,高知,14,３ＬＤＫ,60,,,,平成4年,ＳＲＣ,住宅,住宅,,,,,,,2015年第2四半期,,,6.477121254719663
39013835,中古マンション等,,39201,高知県,高知市,針木東町,朝倉(ＪＲ),24,３ＬＤＫ,70,,,,昭和59年,ＲＣ,住宅,,,,,第１種中高層住居専用地域,60.0,200.0,2010年第1四半期,改装済,,6.832508912706237
39000291,中古マンション等,,39201,高知県,高知市,薊野西町,薊野,5,２ＤＫ,65,,,,平成17年,ＳＲＣ,住宅,住宅,,,,第２種住居地域,60.0,200.0,2020年第3四半期,未改装,,7.204119982655925
39025473,中古マンション等,,39201,高知県,高知市,北川添,高知,24,３ＬＤＫ,60,,,,平成15年,ＲＣ,住宅,,,,,準工業地域,60.0,200.0,2013年第2四半期,未改装,調停・競売等,7.041392685158225
39013073,中古マンション等,,39201,高知県,高知市,追手筋,入明,12,３ＬＤＫ,65,,,,昭和55年,ＳＲＣ,住宅,,,,,商業地域,80.0,500.0,2010年第2四半期,未改装,,6.8512583487190755
39016432,中古マンション等,,39201,高知県,高知市,比島町,土佐一宮,13,３ＬＤＫ,70,,,,平成5年,ＳＲＣ,住宅,,,,,第１種住居地域,60.0,200.0,2011年第1四半期,未改装,,7.079181246047625
39020463,中古マンション等,,39201,高知県,高知市,みづき,円行寺口,28,４ＬＤＫ,95,,,,平成16年,ＳＲＣ,住宅,住宅,,,,第１種住居地域,60.0,200.0,2016年第1四半期,改装済,,7.2552725051033065
39012862,中古マンション等,,39201,高知県,高知市,愛宕山,入明,22,４ＬＤＫ,85,,,,平成18年,ＲＣ,住宅,,,,,近隣商業地域,80.0,200.0,2010年第4四半期,未改装,,7.491361693834273
39002791,中古マンション等,,39201,高知県,高知市,針木東町,朝倉(ＪＲ),30分?60分,３ＬＤＫ,80,,,,平成15年,ＳＲＣ,住宅,住宅,,,,準工業地域,60.0,200.0,2017年第1四半期,未改装,,7.204119982655925
39001104,中古マンション等,,39201,高知県,高知市,上町,円行寺口,18,,25,,,,平成3年,ＲＣ,,住宅,,,,第１種住居地域,60.0,200.0,2020年第3四半期,,,6.6127838567197355
39012212,中古マンション等,,39201,高知県,高知市,鴨部,高知商業前,23,３ＬＤＫ,80,,,,平成14年,ＳＲＣ,住宅,住宅,,,,準工業地域,60.0,200.0,2014年第2四半期,未改装,,7.176091259055681
